
/* -------------------------------------------------------------------------- *\
|*          DON'T CHANGE THIS FILE, CHANGE THE ONE IN THE MODULES!            *|
|*                  (IT'S GENERATED BY A SHELL SCRIPT)                        *|
\* -------------------------------------------------------------------------- */

SET SQL_MODE="NO_AUTO_VALUE_ON_ZERO";
SET AUTOCOMMIT=0;
START TRANSACTION;



-- -----------------------------------------------------------------------------
-- -------------- START: application/modules/Core/settings/my.sql --------------
-- -----------------------------------------------------------------------------

/**
 * SocialEngine
 *
 * @category   Application_Core
 * @package    Core
 * @copyright  Copyright 2006-2010 Webligo Developments
 * @license    http://www.socialengine.net/license/
 * @version    ID my.sql 6819 2010-07-22 18:59:16Z steve IDEND
 * @author     John
 */


-- --------------------------------------------------------

--
-- Table structure for table `engine4_core_adcampaigns`
--

DROP TABLE IF EXISTS `engine4_core_adcampaigns`;
CREATE TABLE IF NOT EXISTS `engine4_core_adcampaigns` (
  `adcampaign_id` int(11) unsigned NOT NULL AUTO_INCREMENT,
  `end_settings` tinyint(4) NOT NULL,
  `name` varchar(255) NOT NULL,
  `start_time` datetime NOT NULL,
  `end_time` datetime NOT NULL,
  `limit_view` int(11) unsigned NOT NULL default '0',
  `limit_click` int(11) unsigned NOT NULL default '0',
  `limit_ctr` varchar(11) NOT NULL default '0',
  `network` varchar(255) NOT NULL,
  `level` varchar(255) NOT NULL,
  `views` int(11) unsigned NOT NULL default '0',
  `clicks` int(11) unsigned NOT NULL default '0',
  `public` tinyint(4) NOT NULL default '0',
  `status` tinyint(4) NOT NULL default '0',
  PRIMARY KEY (`adcampaign_id`)
) ENGINE=InnoDB DEFAULT CHARSET=utf8 COLLATE utf8_unicode_ci ;

-- --------------------------------------------------------

--
-- Table structure for table `engine4_core_adphotos`
--

DROP TABLE IF EXISTS `engine4_core_adphotos`;
CREATE TABLE IF NOT EXISTS `engine4_core_adphotos` (
  `adphoto_id` int(11) unsigned NOT NULL AUTO_INCREMENT,
  `ad_id` int(11) unsigned NOT NULL,
  `title` varchar(128) NOT NULL,
  `description` varchar(255) NOT NULL,
  `file_id` int(11) unsigned NOT NULL,
  `creation_date` datetime NOT NULL,
  `modified_date` datetime NOT NULL,
  PRIMARY KEY (`adphoto_id`),
  KEY `ad_id` (`ad_id`)
) ENGINE=InnoDB DEFAULT CHARSET=utf8 COLLATE utf8_unicode_ci ;


-- --------------------------------------------------------

--
-- Table structure for table `engine4_core_ads`
--

DROP TABLE IF EXISTS `engine4_core_ads`;
CREATE TABLE IF NOT EXISTS `engine4_core_ads` (
  `ad_id` int(11) unsigned NOT NULL AUTO_INCREMENT,
  `name` varchar(16) NOT NULL,
  `ad_campaign` int(11) unsigned NOT NULL,
  `views` int(11) unsigned NOT NULL default '0',
  `clicks` int(11) unsigned NOT NULL default '0',
  `media_type` varchar(255) NOT NULL,
  `html_code` text NOT NULL,
  `photo_id` int(11) unsigned NOT NULL default '0',
  PRIMARY KEY (`ad_id`),
  KEY ad_campaign (`ad_campaign`)
) ENGINE=InnoDB DEFAULT CHARSET=utf8 COLLATE utf8_unicode_ci ;


-- --------------------------------------------------------

--
-- Table structure for table `engine4_core_auth`
--

DROP TABLE IF EXISTS `engine4_core_auth`;
CREATE TABLE IF NOT EXISTS `engine4_core_auth` (
  `id` varchar(40) CHARACTER SET latin1 COLLATE latin1_general_ci NOT NULL,
  `user_id` int(11) unsigned NOT NULL,
  `type` varchar(32) CHARACTER SET latin1 COLLATE latin1_general_ci NULL,
  `expires` int(11) NOT NULL default '0',
  PRIMARY KEY  (`id`, `user_id`),
  KEY (`expires`)
) ENGINE=InnoDB DEFAULT CHARSET=utf8 COLLATE utf8_unicode_ci ;


-- --------------------------------------------------------

--
-- Table structure for table `engine4_core_comments`
--

DROP TABLE IF EXISTS `engine4_core_comments`;
CREATE TABLE IF NOT EXISTS `engine4_core_comments` (
  `comment_id` int(11) unsigned NOT NULL auto_increment,
  `resource_type` varchar(32) CHARACTER SET latin1 COLLATE latin1_general_ci NOT NULL,
  `resource_id` int(11) unsigned NOT NULL,
  `poster_type` varchar(32) CHARACTER SET latin1 COLLATE latin1_general_ci NOT NULL,
  `poster_id` int(11) unsigned NOT NULL,
  `body` text NOT NULL,
  `creation_date` datetime NOT NULL,
  PRIMARY KEY  (`comment_id`),
  KEY `resource_type` (`resource_type`,`resource_id`),
  KEY `poster_type` (`poster_type`, `poster_id`)
) ENGINE=InnoDB DEFAULT CHARSET=utf8 COLLATE utf8_unicode_ci;


-- --------------------------------------------------------

--
-- Table structure for table `engine4_core_content`
--

DROP TABLE IF EXISTS `engine4_core_content`;
CREATE TABLE IF NOT EXISTS `engine4_core_content` (
  `content_id` int(11) unsigned NOT NULL auto_increment,
  `page_id` int(11) unsigned NOT NULL,
  /* Rendering */
  `type` varchar(32) CHARACTER SET latin1 COLLATE latin1_general_ci NOT NULL default 'widget',
  `name` varchar(64) CHARACTER SET latin1 COLLATE latin1_general_ci NOT NULL,
  /* Placement */
  `parent_content_id` int(11) unsigned NULL,
  `order` int(11) NOT NULL default '1',
  /* Misc */
  `params` text NULL,
  `attribs` text NULL,
  PRIMARY KEY  (`content_id`),
  KEY (`page_id`, `order`)
) ENGINE=InnoDB  DEFAULT CHARSET=utf8 COLLATE=utf8_unicode_ci ;

--
-- Dumping data for table `engine4_core_content`
--

INSERT INTO `engine4_core_content` (`content_id`, `page_id`, `type`, `name`, `parent_content_id`, `order`, `params`) VALUES
/* Header */
(100, 1, 'container', 'main', NULL, 1, ''),

(110, 1, 'widget', 'core.menu-mini', 100, 1, ''),
(111, 1, 'widget', 'core.menu-logo', 100, 2, ''),
(112, 1, 'widget', 'core.menu-main', 100, 3, ''),

/* Footer */
(200, 2, 'container', 'main', NULL, 1, ''),

(210, 2, 'widget', 'core.menu-footer', 200, 2, ''),

/* Home */
(300, 3, 'container', 'main', NULL, 1, ''),

(310, 3, 'container', 'left', 300, 1, ''),
(311, 3, 'container', 'right', 300, 2, ''),
(312, 3, 'container', 'middle', 300, 3, ''),

(320, 3, 'widget', 'user.login-or-signup', 310, 1, ''),
(321, 3, 'widget', 'user.list-online', 310, 2, '{"title":"%s Members Online"}'),
(322, 3, 'widget', 'core.statistics', 310, 3, '{"title":"Network Stats"}'),

(330, 3, 'widget', 'user.list-signups', 311, 1, '{"title":"Newest Members"}'),
(331, 3, 'widget', 'user.list-popular', 311, 2, '{"title":"Popular Members"}'),

(340, 3, 'widget', 'announcement.list-announcements', 312, 1, ''),
(341, 3, 'widget', 'activity.feed', 312, 2, '{"title":"What''s New"}'),

/* User Home */
(400, 4, 'container', 'main', NULL, 1, ''),

(410, 4, 'container', 'left', 400, 1, ''),
(411, 4, 'container', 'right', 400, 2, ''),
(412, 4, 'container', 'middle', 400, 3, ''),

(420, 4, 'widget', 'user.home-photo', 410, 1, ''),
(421, 4, 'widget', 'user.home-links', 410, 2, ''),
(422, 4, 'widget', 'user.list-online', 410, 3, '{"title":"%s Members Online"}'),
(423, 4, 'widget', 'core.statistics', 410, 4, '{"title":"Network Stats"}'),

(430, 4, 'widget', 'activity.list-requests', 411, 1, '{"title":"Requests"}'),
(431, 4, 'widget', 'user.list-signups', 411, 2, '{"title":"Newest Members"}'),
(432, 4, 'widget', 'user.list-popular', 411, 3, '{"title":"Popular Members"}'),

(440, 4, 'widget', 'announcement.list-announcements', 412, 1, ''),
(441, 4, 'widget', 'activity.feed', 412, 2, '{"title":"What''s New"}'),

/* User Profile */
(500, 5, 'container', 'main', NULL, 1, ''),

(510, 5, 'container', 'left', 500, 1, ''),
(511, 5, 'container', 'middle', 500, 3, ''),

(520, 5, 'widget', 'user.profile-photo', 510, 1, ''),
(521, 5, 'widget', 'user.profile-options', 510, 2, ''),
(522, 5, 'widget', 'user.profile-friends-common', 510, 3, '{"title":"Mutual Friends"}'),
(523, 5, 'widget', 'user.profile-info', 510, 4, '{"title":"Member Info"}'),

(530, 5, 'widget', 'user.profile-status', 511, 1, ''),
(531, 5, 'widget', 'core.container-tabs', 511, 2, '{"max":"6"}'),

(540, 5, 'widget', 'activity.feed', 531, 1, '{"title":"Updates"}'),
(541, 5, 'widget', 'user.profile-fields', 531, 2, '{"title":"Info"}'),
(542, 5, 'widget', 'user.profile-friends', 531, 3, '{"title":"Friends","titleCount":true}'),
(546, 5, 'widget', 'core.profile-links', 531, 7, '{"title":"Links","titleCount":true}');


-- --------------------------------------------------------

--
-- Table structure for table `engine4_core_geotags`
--

DROP TABLE IF EXISTS `engine4_core_geotags`;
CREATE TABLE IF NOT EXISTS `engine4_core_geotags` (
  `geotag_id` int(11) unsigned NOT NULL,
  `latitude` float NOT NULL,
  `longitude` float NOT NULL,
  PRIMARY KEY  (`geotag_id`),
  KEY `latitude` (`latitude`,`longitude`)
) ENGINE=InnoDB DEFAULT CHARSET=utf8 COLLATE=utf8_unicode_ci;


-- --------------------------------------------------------

--
-- Table structure for table `engine4_core_languages`
--

DROP TABLE IF EXISTS `engine4_core_languages`;
CREATE TABLE `engine4_core_languages` (
  `language_id` int(11) unsigned NOT NULL auto_increment,
  `code` varchar(8) CHARACTER SET latin1 COLLATE latin1_general_ci NOT NULL,
  `name` varchar(255) NOT NULL,
  `fallback` varchar(8) CHARACTER SET latin1 COLLATE latin1_general_ci NULL,
  `order` smallint(6) NOT NULL default '1',
  PRIMARY KEY  (`language_id`)
) ENGINE=InnoDB DEFAULT CHARSET=utf8 COLLATE utf8_unicode_ci ;

--
-- Dumping data for table `engine4_languages`
--

INSERT IGNORE INTO `engine4_core_languages` (`language_id`, `code`, `name`, `fallback`, `order`) VALUES
(1, 'en', 'English', 'en', 1);


-- --------------------------------------------------------

--
-- Table structure for table `engine4_core_likes`
--

DROP TABLE IF EXISTS `engine4_core_likes`;
CREATE TABLE IF NOT EXISTS `engine4_core_likes` (
  `like_id` int(11) unsigned NOT NULL auto_increment,
  `resource_type` varchar(32) CHARACTER SET latin1 COLLATE latin1_general_ci NOT NULL,
  `resource_id` int(11) unsigned NOT NULL,
  `poster_type` varchar(32) CHARACTER SET latin1 COLLATE latin1_general_ci NOT NULL,
  `poster_id` int(11) unsigned NOT NULL,
  PRIMARY KEY  (`like_id`),
  KEY `resource_type` (`resource_type`, `resource_id`),
  KEY `poster_type` (`poster_type`, `poster_id`)
) ENGINE=InnoDB DEFAULT CHARSET=utf8 COLLATE utf8_unicode_ci ;


-- --------------------------------------------------------

--
-- Table structure for table `engine4_core_links`
--

DROP TABLE IF EXISTS `engine4_core_links`;
CREATE TABLE IF NOT EXISTS `engine4_core_links` (
  `link_id` int(11) unsigned NOT NULL auto_increment,
  `uri` varchar(255) NOT NULL,
  `title` varchar(255) NOT NULL,
  `description` text NOT NULL,
  `photo_id` int(11) unsigned NOT NULL default '0',
  `parent_type` varchar(24) CHARACTER SET latin1 COLLATE latin1_general_ci NOT NULL,
  `parent_id` int(11) unsigned NOT NULL,
  `owner_type` varchar(24) CHARACTER SET latin1 COLLATE latin1_general_ci NOT NULL,
  `owner_id` int(11) unsigned NOT NULL,
  `view_count` mediumint(6) unsigned NOT NULL default '0',
  `creation_date` datetime NOT NULL,
  `search` tinyint(1) NOT NULL default '1',
  PRIMARY KEY  (`link_id`),
  KEY `owner` (`owner_type`, `owner_id`),
  KEY `parent` (`parent_type`, `parent_id`)
) ENGINE=InnoDB DEFAULT CHARSET=utf8 COLLATE utf8_unicode_ci ;


-- --------------------------------------------------------

--
-- Table structure for table `engine4_core_listitems`
--

DROP TABLE IF EXISTS `engine4_core_listitems`;
CREATE TABLE IF NOT EXISTS `engine4_core_listitems` (
  `listitem_id` int(11) unsigned NOT NULL auto_increment,
  `list_id` int(11) unsigned NOT NULL,
  `child_id` int(11) unsigned NOT NULL,
  PRIMARY KEY  (`listitem_id`),
  KEY `list_id` (`list_id`),
  KEY `child_id` (`child_id`)
) ENGINE=InnoDB DEFAULT CHARSET=utf8 COLLATE utf8_unicode_ci ;


-- --------------------------------------------------------

--
-- Table structure for table `engine4_core_lists`
--

DROP TABLE IF EXISTS `engine4_core_lists`;
CREATE TABLE IF NOT EXISTS `engine4_core_lists` (
  `list_id` int(11) unsigned NOT NULL auto_increment,
  `title` varchar(64) NOT NULL default '',
  `owner_type` varchar(24) CHARACTER SET latin1 COLLATE latin1_general_ci NOT NULL,
  `owner_id` int(11) unsigned NOT NULL,
  `child_type` varchar(24) CHARACTER SET latin1 COLLATE latin1_general_ci NOT NULL,
  `child_count` int(11) unsigned NOT NULL default '0',
  PRIMARY KEY  (`list_id`),
  KEY `owner_type` (`owner_type`, `owner_id`)
) ENGINE=InnoDB DEFAULT CHARSET=utf8 COLLATE utf8_unicode_ci ;


-- --------------------------------------------------------

--
-- Table structure for table `engine4_core_mail`
--

DROP TABLE IF EXISTS `engine4_core_mail`;
CREATE TABLE IF NOT EXISTS `engine4_core_mail` (
  `mail_id` int(11) unsigned NOT NULL auto_increment,
  `type` enum('system', 'zend') CHARACTER SET latin1 COLLATE latin1_general_ci NOT NULL,
  `body` text NOT NULL,
  `priority` smallint(3) default '100',
  `recipient_count` int(11) unsigned default '0',
  `recipient_total` int(10) NOT NULL default '0',
  `creation_time` DATETIME NOT NULL,
  PRIMARY KEY  (`mail_id`),
  KEY (`priority`)
) ENGINE=InnoDB DEFAULT CHARSET=utf8 COLLATE utf8_unicode_ci ;


-- --------------------------------------------------------

--
-- Table structure for table `engine4_core_mailrecipients`
--

DROP TABLE IF EXISTS `engine4_core_mailrecipients`;
CREATE TABLE IF NOT EXISTS `engine4_core_mailrecipients` (
  `recipient_id` int(11) unsigned NOT NULL auto_increment,
  `mail_id` int(11) unsigned NOT NULL,
  `user_id` int(11) unsigned NULL,
  `email` varchar(128) NULL,
  PRIMARY KEY  (`recipient_id`)
) ENGINE=InnoDB DEFAULT CHARSET=latin1 ;


-- --------------------------------------------------------

--
-- Table structure for table `engine4_core_mailtemplates`
--

DROP TABLE IF EXISTS `engine4_core_mailtemplates`;
CREATE TABLE IF NOT EXISTS `engine4_core_mailtemplates` (
  `mailtemplate_id` int(11) unsigned NOT NULL AUTO_INCREMENT,
  `type` varchar(255) CHARACTER SET latin1 COLLATE latin1_general_ci NOT NULL,
  `vars` varchar(255) NOT NULL,
  PRIMARY KEY (`mailtemplate_id`),
  UNIQUE KEY (`type`)
) ENGINE=InnoDb DEFAULT CHARSET=latin1 ;

--
-- Dumping data for table `engine4_core_mailtemplates`
--
INSERT IGNORE INTO `engine4_core_mailtemplates` (`type`, `vars`) VALUES
('core_invitecode', '[displayname],[email],[message],[code],[link]'),
('core_invite', '[displayname],[email],[message],[link]'),
('core_verification', '[displayname],[email],[link]'),
('core_verification_password', '[displayname],[email],[link],[password]'),
('core_welcome', '[displayname],[email], [link]'),
('core_welcome_password', '[displayname],[email],[password],[link]'),

('core_lostpassword', '[displayname],[email],[link]'),

('notify_commented', '[displayname],[subject],[item],[message],[link]'),
('notify_commented_commented', '[displayname],[subject],[item],[link]'),

('notify_friend_accepted', '[displayname],[friendname],[link]'),
('notify_friend_request', '[displayname],[friendname],[link]'),
('notify_friend_follow', '[displayname],[friendname],[link]'),

('notify_friend_follow_accepted', '[displayname],[friendname],[link]'),
('notify_friend_follow_request', '[displayname],[friendname],[link]'),


('notify_liked', '[displayname],[subject],[item],[link]'),
('notify_liked_commented', '[displayname],[subject],[item],[link]'),
('core_contact', '[displayname],[email],[message]');


-- --------------------------------------------------------

--
-- Table structure for table `engine4_core_menus`
--

DROP TABLE IF EXISTS `engine4_core_menus`;
CREATE TABLE IF NOT EXISTS `engine4_core_menus` (
  `id` int(11) unsigned NOT NULL auto_increment,
  `name` varchar(32) CHARACTER SET latin1 COLLATE latin1_general_ci NOT NULL,
  `type` enum('standard','hidden','custom') CHARACTER SET latin1 COLLATE latin1_general_ci NOT NULL default 'standard',
  `title` varchar(64) NOT NULL,
  `order` smallint(3) NOT NULL default '999',
  PRIMARY KEY  (`id`),
  UNIQUE KEY (`name`),
  KEY `order` (`order`)
) ENGINE=InnoDB DEFAULT CHARSET=utf8 COLLATE utf8_unicode_ci ;

--
-- Dumping data for table `engine4_core_menus`
--

INSERT IGNORE INTO `engine4_core_menus` (`name`, `type`, `title`, `order`) VALUES
('core_main', 'standard', 'Main Navigation Menu', 1),
('core_mini', 'standard', 'Mini Navigation Menu', 2),
('core_footer', 'standard', 'Footer Menu', 3),
('core_sitemap', 'standard', 'Sitemap', 4)
;


-- --------------------------------------------------------

--
-- Table structure for table `engine4_core_menuitems`
--

DROP TABLE IF EXISTS `engine4_core_menuitems`;
CREATE TABLE IF NOT EXISTS `engine4_core_menuitems` (
  `id` int(11) unsigned NOT NULL auto_increment,
  `name` varchar(64) CHARACTER SET latin1 COLLATE latin1_general_ci NOT NULL,
  `module` varchar(32) CHARACTER SET latin1 COLLATE latin1_general_ci NOT NULL,
  `label` varchar(32) NOT NULL,
  `plugin` varchar(32) CHARACTER SET latin1 COLLATE latin1_general_ci NULL,
  `params` text NOT NULL,
  `menu` varchar(32) CHARACTER SET latin1 COLLATE latin1_general_ci NULL,
  `submenu` varchar(32) CHARACTER SET latin1 COLLATE latin1_general_ci NULL,
  `custom` tinyint(1) NOT NULL default '0',
  `order` smallint(6) NOT NULL default '999',
  PRIMARY KEY  (`id`),
  UNIQUE KEY (`name`),
  KEY `LOOKUP` (`name`,`order`)
) ENGINE=InnoDB DEFAULT CHARSET=utf8 COLLATE utf8_unicode_ci ;

--
-- Dumping data for table `engine4_core_menuitems`
--

INSERT IGNORE INTO `engine4_core_menuitems` (`name`, `module`, `label`, `plugin`, `params`, `menu`, `submenu`, `order`) VALUES
('core_main_home', 'core', 'Home', 'User_Plugin_Menus', '', 'core_main', '', 1),

('core_sitemap_home', 'core', 'Home', '', '{"route":"default"}', 'core_sitemap', '', 1),

('core_footer_privacy', 'core', 'Privacy', '', '{"route":"default","module":"core","controller":"help","action":"privacy"}', 'core_footer', '', 1),
('core_footer_terms', 'core', 'Terms of Service', '', '{"route":"default","module":"core","controller":"help","action":"terms"}', 'core_footer', '', 2),
('core_footer_contact', 'core', 'Contact', '', '{"route":"default","module":"core","controller":"help","action":"contact"}', 'core_footer', '', 3),

('core_mini_admin', 'core', 'Admin', 'User_Plugin_Menus', '', 'core_mini', '', 6),
('core_mini_profile', 'user', 'My Profile', 'User_Plugin_Menus', '', 'core_mini', '', 5),
('core_mini_settings', 'user', 'Settings', 'User_Plugin_Menus', '', 'core_mini', '', 3),
('core_mini_auth', 'user', 'Auth', 'User_Plugin_Menus', '', 'core_mini', '', 2),
('core_mini_signup', 'user', 'Signup', 'User_Plugin_Menus', '', 'core_mini', '', 1),

('core_admin_main_home', 'core', 'Home', '', '{"route":"admin_default"}', 'core_admin_main', '', 1),
('core_admin_main_manage', 'core', 'Manage', '', '{"uri":"javascript:void(0);this.blur();"}', 'core_admin_main', 'core_admin_main_manage', 2),
('core_admin_main_settings', 'core', 'Settings', '', '{"uri":"javascript:void(0);this.blur();"}', 'core_admin_main', 'core_admin_main_settings', 3),
('core_admin_main_plugins', 'core', 'Plugins', '', '{"uri":"javascript:void(0);this.blur();"}', 'core_admin_main', 'core_admin_main_plugins', 4),
('core_admin_main_layout', 'core', 'Layout', '', '{"uri":"javascript:void(0);this.blur();"}', 'core_admin_main', 'core_admin_main_layout', 5),
('core_admin_main_ads', 'core', 'Ads', '', '{"uri":"javascript:void(0);this.blur();"}', 'core_admin_main', 'core_admin_main_ads', 6),
('core_admin_main_stats', 'core', 'Stats', '', '{"uri":"javascript:void(0);this.blur();"}', 'core_admin_main', 'core_admin_main_stats', 7),

('core_admin_main_manage_levels', 'core', 'Member Levels', '', '{"route":"admin_default","module":"authorization","controller":"level"}', 'core_admin_main_manage', '', 2),
('core_admin_main_manage_networks', 'network', 'Networks', '', '{"route":"admin_default","module":"network","controller":"manage"}', 'core_admin_main_manage', '', 3),
('core_admin_main_manage_announcements', 'announcement', 'Announcements', '', '{"route":"admin_default","module":"announcement","controller":"manage"}', 'core_admin_main_manage', '', 4),
('core_admin_message_mail',  'core',  'Email All Members',  '',  '{"route":"admin_default","module":"core","controller":"message","action":"mail"}',  'core_admin_main_manage',  '',  5),
('core_admin_main_manage_reports', 'core', 'Abuse Reports', '', '{"route":"admin_default","module":"core","controller":"report"}', 'core_admin_main_manage', '', 6),
('core_admin_main_manage_packages', 'core', 'Packages & Plugins', '', '{"route":"admin_default","module":"core","controller":"packages"}', 'core_admin_main_manage', '', 7),

('core_admin_main_settings_general', 'core', 'General Settings', '', '{"route":"core_admin_settings","action":"general"}', 'core_admin_main_settings', '', 1),
('core_admin_main_settings_locale', 'core', 'Locale Settings', '', '{"route":"core_admin_settings","action":"locale"}', 'core_admin_main_settings', '', 1),
('core_admin_main_settings_fields', 'fields', 'Profile Questions', '', '{"route":"admin_default","module":"user","controller":"fields"}', 'core_admin_main_settings', '', 2),
('core_admin_main_settings_spam', 'core', 'Spam & Banning Tools', '', '{"route":"core_admin_settings","action":"spam"}', 'core_admin_main_settings', '', 5),
('core_admin_main_settings_email', 'core', 'System Emails', '', '{"route":"core_admin_settings","action":"email"}', 'core_admin_main_settings', '', 7),
('core_admin_main_settings_performance', 'core', 'Performance & Caching', '', '{"route":"core_admin_settings","action":"performance"}', 'core_admin_main_settings', '', 8),
('core_admin_main_settings_password',  'core',  'Admin Password',  '',  '{"route":"core_admin_settings","action":"password"}',  'core_admin_main_settings',  '', 9),

('core_admin_main_layout_content', 'core', 'Layout Editor', '', '{"route":"admin_default","controller":"content"}', 'core_admin_main_layout', '', 1),
('core_admin_main_layout_themes', 'core', 'Theme Editor', '', '{"route":"admin_default","controller":"themes"}', 'core_admin_main_layout', '', 2),
('core_admin_main_layout_files', 'core', 'File & Media Manager', '', '{"route":"admin_default","controller":"files"}', 'core_admin_main_layout', '', 3),
('core_admin_main_layout_language', 'core', 'Language Manager', '', '{"route":"admin_default","controller":"language"}', 'core_admin_main_layout', '', 4),
('core_admin_main_layout_menus', 'core', 'Menu Editor', '', '{"route":"admin_default","controller":"menus"}', 'core_admin_main_layout', '', 5),

('core_admin_main_ads_manage', 'core', 'Manage Ad Campaigns', '', '{"route":"admin_default","controller":"ads"}', 'core_admin_main_ads', '', 1),
('core_admin_main_ads_create', 'core', 'Create New Campaign', '', '{"route":"admin_default","controller":"ads","action":"create"}', 'core_admin_main_ads', '', 2),

('core_admin_main_stats_statistics', 'core', 'Site-wide Statistics', '', '{"route":"admin_default","controller":"stats"}', 'core_admin_main_stats', '', 1),
('core_admin_main_stats_url', 'core', 'Referring URLs', '', '{"route":"admin_default","controller":"stats","action":"referrers"}', 'core_admin_main_stats', '', 2),
('core_admin_main_stats_resources', 'core', 'Server Information', '', '{"route":"admin_default","controller":"system"}', 'core_admin_main_stats', '', 3),
('core_admin_main_stats_logs', 'core', 'Log Browser', '', '{"route":"admin_default","controller":"system","action":"log"}', 'core_admin_main_stats', '', 3),

('core_admin_levels_general', 'core', 'General', '', '{"route":"authorization_admin_levels","module":"authorization","controller":"admin-level","action":"edit"}', 'core_admin_levels', '', 1),

('adcampaign_admin_main_edit', 'core', 'Edit Settings', '', '{"route":"admin_default","module":"core","controller":"ads","action":"edit"}', 'adcampaign_admin_main', '', 1),
('adcampaign_admin_main_manageads', 'core', 'Manage Advertisements', '', '{"route":"admin_default","module":"core","controller":"ads","action":"manageads"}', 'adcampaign_admin_main', '', 2)
;


-- --------------------------------------------------------

--
-- Table structure for table `engine4_core_modules`
--

DROP TABLE IF EXISTS `engine4_core_modules`;
CREATE TABLE IF NOT EXISTS `engine4_core_modules` (
  `name` varchar(64) CHARACTER SET latin1 COLLATE latin1_general_ci NOT NULL,
  `title` varchar(64) NOT NULL,
  `description` text NULL,
  `version` varchar(32) CHARACTER SET latin1 COLLATE latin1_general_ci NOT NULL,
  `enabled` tinyint(1) NOT NULL default '0',
  `type` enum('core','standard','extra') character set latin1 collate latin1_general_ci NOT NULL default 'extra',
  PRIMARY KEY  (`name`)
) ENGINE=InnoDB DEFAULT CHARSET=utf8 COLLATE=utf8_unicode_ci;

--
-- Dumping data for table `engine4_core_modules`
--

INSERT INTO `engine4_core_modules` (`name`, `title`, `description`, `version`, `enabled`, `type`) VALUES
('core', 'Core', 'The Alpha and the Omega.', '4.0.0', 1, 'core');


-- --------------------------------------------------------

--
-- Table structure for table `engine4_core_pages`
--

DROP TABLE IF EXISTS `engine4_core_pages`;
CREATE TABLE IF NOT EXISTS `engine4_core_pages` (
  `page_id` int(11) unsigned NOT NULL auto_increment,
  `name` varchar(128) CHARACTER SET latin1 COLLATE latin1_general_ci NULL,
  `displayname` varchar(128) NOT NULL default '',
  `url` varchar(128) NULL,
  `title` varchar(255) NOT NULL,
  `description` text NOT NULL,
  `keywords` text NOT NULL,
  `custom` tinyint(1) NOT NULL default '1',
  `fragment` tinyint(1) NOT NULL default '0',
  `layout` varchar(32) NOT NULL default '',
  `view_count` int(11) unsigned NOT NULL default '0',
  PRIMARY KEY  (`page_id`),
  UNIQUE KEY `name` (`name`),
  UNIQUE KEY `url` (`url`)
) ENGINE=InnoDB DEFAULT CHARSET=utf8 COLLATE utf8_unicode_ci ;

--
-- Dumping data for table `engine4_core_pages`
--

INSERT INTO `engine4_core_pages` (`page_id`, `name`, `displayname`, `title`, `description`, `keywords`, `custom`, `fragment`, `view_count`) VALUES
(1, 'header', 'Site Header', '', '', '', 0, 1, 0),
(2, 'footer', 'Site Footer', '', '', '', 0, 1, 0),
(3, 'core_index_index', 'Home Page', 'Home Page', 'This is the home page.', '', 0, 0, 0),
(4, 'user_index_home', 'Member Home Page', 'Member Home Page', 'This is the home page for members.', '', 0, 0, 0),
(5, 'user_profile_index', 'Member Profile', 'Member Profile', 'This is a member''s profile.', '', 0, 0, 0);


-- --------------------------------------------------------

--
-- Table structure for table `engine4_core_referrers`
--

DROP TABLE IF EXISTS `engine4_core_referrers`;
CREATE TABLE IF NOT EXISTS `engine4_core_referrers` (
  `host` varchar(64) NOT NULL,
  `path` varchar(64) NOT NULL,
  `query` varchar(128) NOT NULL,
  `value` int(11) unsigned NOT NULL,
  PRIMARY KEY  (`host`,`path`,`query`),
  KEY `value` (`value`)
) ENGINE=InnoDB DEFAULT CHARSET=utf8 COLLATE utf8_unicode_ci ;


-- --------------------------------------------------------

--
-- Table structure for table `engine4_core_reports`
--

DROP TABLE IF EXISTS `engine4_core_reports`;
CREATE TABLE IF NOT EXISTS `engine4_core_reports` (
  `report_id` int(11) NOT NULL auto_increment,
  `user_id` int(11) NOT NULL,
  `category` varchar(16) collate utf8_unicode_ci NOT NULL,
  `description` text collate utf8_unicode_ci NOT NULL,
  `subject_type` varchar(32) CHARACTER SET latin1 COLLATE latin1_general_ci NOT NULL,
  `subject_id` int(11) NOT NULL,
  `creation_date` datetime NOT NULL,
  `read` tinyint(1) NOT NULL default '0',
  PRIMARY KEY  (`report_id`),
  KEY `category` (`category`),
  KEY `user_id` (`user_id`),
  KEY `read` (`read`)
) ENGINE=InnoDB DEFAULT CHARSET=utf8 COLLATE=utf8_unicode_ci ;


-- --------------------------------------------------------

--
-- Table structure for table `engine4_core_routes`
--

DROP TABLE IF EXISTS `engine4_core_routes`;
CREATE TABLE `engine4_core_routes` (
  `name` varchar(32) CHARACTER SET latin1 COLLATE latin1_general_ci NOT NULL,
  `config` text NOT NULL,
  `order` smallint(6) NOT NULL default '1',
  PRIMARY KEY  (`name`),
  KEY `order` (`order`)
) ENGINE=InnoDB DEFAULT CHARSET=utf8 COLLATE utf8_unicode_ci ;


-- --------------------------------------------------------

--
-- Table structure for table `engine4_core_search`
--

DROP TABLE IF EXISTS `engine4_core_search`;
CREATE TABLE IF NOT EXISTS `engine4_core_search` (
  `type` varchar(32) CHARACTER SET latin1 COLLATE latin1_general_ci NOT NULL,
  `id` int(11) unsigned NOT NULL,
  `title` varchar(255) NOT NULL,
  `description` varchar(255) NOT NULL,
  `keywords` varchar(255) NOT NULL,
  `hidden` varchar(255) NOT NULL,
  PRIMARY KEY  (`type`,`id`),
  FULLTEXT KEY `LOOKUP` (`title`, `description`, `keywords`, `hidden`)
) ENGINE=MyISAM DEFAULT CHARSET=utf8 COLLATE utf8_unicode_ci ;


-- --------------------------------------------------------

--
-- Table structure for table `engine4_core_session`
--

DROP TABLE IF EXISTS `engine4_core_session`;
CREATE TABLE `engine4_core_session` (
  `id` char(32) NOT NULL default '',
  `modified` int(11) default NULL,
  `lifetime` int(11) default NULL,
  `data` text,
  PRIMARY KEY  (`id`)
) ENGINE=InnoDB DEFAULT CHARSET=utf8 COLLATE utf8_unicode_ci ;


-- --------------------------------------------------------

--
-- Table structure for table `engine4_core_settings`
--

DROP TABLE IF EXISTS `engine4_core_settings`;
CREATE TABLE `engine4_core_settings` (
  `name` varchar(255) CHARACTER SET latin1 COLLATE latin1_general_ci NOT NULL,
  `value` varchar(255) NOT NULL,
  PRIMARY KEY  (`name`)
) ENGINE=InnoDB DEFAULT CHARSET=utf8 COLLATE utf8_unicode_ci ;

--
-- Dumping data for table `engine4_core_settings`
--

INSERT IGNORE INTO `engine4_core_settings` (`name`, `value`) VALUES
('activity.notifications.template', 'Hello %title%,\n\n%body%\n\n--Site Admin'),
('authorization.defaultlevel', '4'),
('core.admin.reauthenticate', '0'),
('core.admin.mode', 'none'),
('core.admin.password', ''),
('core.admin.timeout', '600'),
('core.comet.enabled', '1'),
('core.comet.mode', 'short'),
('core.comet.delay', '1000'),
('core.comet.reconnect', '2000'),
('core.doctype', 'XHTML1_STRICT'),
('core.email.from', 'email@domain.com'),
('core.facebook.key', ''),
('core.facebook.secret', ''),
('core.general.commenthtml', ''),
('core.general.portal', '1'),
('core.general.profile', '1'),
('core.general.search', '1'),
('core.license.email', 'email@domain.com'),
('core.license.key', '6666-6666-6666-6666'),
('core.license.statistics', '1'),
('core.locale.locale', 'auto'),
('core.locale.timezone', 'US/Pacific'),
('core.mail.enabled', '1'),
('core.mail.queueing', '1'),
('core.mail.count', '25'),
('core.secret', 'staticSalt'),
('core.site.title', 'Social Network'),
('core.site.creation', NOW()),
('core.spam.censor', ''),
('core.spam.comment', 0),
('core.spam.contact', 0),
('core.spam.invite', 0),
('core.spam.ipbans', ''),
('core.spam.login', 0),
('core.spam.signup', 0),
('core.tasks.interval', '60'),
('core.tasks.key', ''),
('core.tasks.last', '0'),
('core.tasks.mode', 'curl'),
('core.tasks.pid', ''),
('core.tasks.timeout', '900'),
('core.thumbnails.main.width', '720'),
('core.thumbnails.main.height', '720'),
('core.thumbnails.main.mode', 'resize'),
('core.thumbnails.profile.width', '200'),
('core.thumbnails.profile.height', '400'),
('core.thumbnails.profile.mode', 'resize'),
('core.thumbnails.normal.width', '140'),
('core.thumbnails.normal.height', '160'),
('core.thumbnails.normal.mode', 'resize'),
('core.thumbnails.icon.width', '48'),
('core.thumbnails.icon.height', '48'),
('core.thumbnails.icon.mode', 'crop'),
('core.general.quota', '0'),
('core.general.notificationupdate', 120000)
;


-- --------------------------------------------------------

--
-- Table structure for table `engine4_core_statistics`
--

DROP TABLE IF EXISTS `engine4_core_statistics`;
CREATE TABLE IF NOT EXISTS `engine4_core_statistics` (
  `type` varchar(64) CHARACTER SET latin1 COLLATE latin1_general_ci NOT NULL,
  `date` datetime NOT NULL,
  `value` int(11) NOT NULL default '0',
  PRIMARY KEY  (`type`,`date`)
) ENGINE=InnoDB DEFAULT CHARSET=utf8 COLLATE utf8_unicode_ci ;


-- --------------------------------------------------------

--
-- Table structure for table `engine4_core_status`
--

DROP TABLE IF EXISTS `engine4_core_status`;
CREATE TABLE IF NOT EXISTS `engine4_core_status` (
  `status_id` int(11) unsigned NOT NULL auto_increment,
  `resource_type` varchar(32) CHARACTER SET latin1 COLLATE latin1_general_ci NOT NULL,
  `resource_id` int(11) unsigned NOT NULL,
  `body` text NOT NULL,
  `creation_date` datetime NOT NULL,
  PRIMARY KEY  (`status_id`)
) ENGINE=InnoDB DEFAULT CHARSET=latin1;


-- --------------------------------------------------------

--
-- Table structure for table `engine4_core_styles`
--

DROP TABLE IF EXISTS `engine4_core_styles`;
CREATE TABLE IF NOT EXISTS `engine4_core_styles` (
  `type` varchar(32) CHARACTER SET latin1 COLLATE latin1_general_ci NOT NULL,
  `id` int(11) unsigned NOT NULL,
  `style` text NOT NULL,
  PRIMARY KEY  (`type`,`id`)
) ENGINE=InnoDB DEFAULT CHARSET=utf8 COLLATE utf8_unicode_ci ;


-- --------------------------------------------------------

--
-- Table structure for table `engine4_core_tagmaps`
--

DROP TABLE IF EXISTS `engine4_core_tagmaps`;
CREATE TABLE IF NOT EXISTS `engine4_core_tagmaps` (
  `tagmap_id` int(11) unsigned NOT NULL auto_increment,
  `resource_type` varchar(24) character set latin1 collate latin1_general_ci NOT NULL,
  `resource_id` int(11) unsigned NOT NULL,
  `tagger_type` varchar(24) character set latin1 collate latin1_general_ci NOT NULL,
  `tagger_id` int(11) unsigned NOT NULL,
  `tag_type` varchar(24) character set latin1 collate latin1_general_ci NOT NULL,
  `tag_id` int(11) unsigned NOT NULL,
  `extra` text NULL,
  PRIMARY KEY  (`tagmap_id`),
  KEY `resource_type` (`resource_type`,`resource_id`),
  KEY `tagger_type` (`tagger_type`,`tagger_id`),
  KEY `tag_type` (`tag_type`,`tag_id`)
) ENGINE=InnoDB DEFAULT CHARSET=utf8 COLLATE utf8_unicode_ci ;


-- --------------------------------------------------------

--
-- Table structure for table `engine4_core_tags`
--

DROP TABLE IF EXISTS `engine4_core_tags`;
CREATE TABLE IF NOT EXISTS `engine4_core_tags` (
  `tag_id` int(11) unsigned NOT NULL auto_increment,
  `text` varchar(255) NOT NULL,
  PRIMARY KEY  (`tag_id`),
  UNIQUE KEY `text` (`text`)
) ENGINE=InnoDB DEFAULT CHARSET=utf8 COLLATE utf8_unicode_ci ;


-- --------------------------------------------------------

--
-- Table structure for table `engine4_core_tasks`
--

DROP TABLE IF EXISTS `engine4_core_tasks`;
CREATE TABLE IF NOT EXISTS `engine4_core_tasks` (
  `task_id` int(11) unsigned NOT NULL auto_increment,
  `title` varchar(255) NOT NULL default '',
  `system` tinyint(1) NOT NULL default '0',
  `plugin` varchar(128) CHARACTER SET latin1 COLLATE latin1_general_ci NOT NULL,
  `timeout` int(11) unsigned NOT NULL,
  `enabled` tinyint(4) NOT NULL default '1',
  `executing` tinyint(1) NOT NULL default '0',
  `executing_id` int(11) unsigned NOT NULL default '0',
  `started_last` int(11) NOT NULL default '0',
  `started_count` int(11) unsigned NOT NULL default '0',
  `completed_last` int(11) NOT NULL default '0',
  `completed_count` int(11) unsigned NOT NULL default '0',
  `failure_last` int(11) NOT NULL default '0',
  `failure_count` int(11) unsigned NOT NULL default '0',
  `success_last` int(11) NOT NULL default '0',
  `success_count` int(11) unsigned NOT NULL default '0',
  PRIMARY KEY  (`task_id`),
  UNIQUE KEY `plugin` (`plugin`)
) ENGINE=InnoDB DEFAULT CHARSET=utf8 COLLATE utf8_unicode_ci ;

--
-- Dumping data for table `engine4_core_tasks`
--

INSERT IGNORE INTO `engine4_core_tasks` (`title`, `plugin`, `system`, `timeout`, `enabled`) VALUES
('Background Mailer', 'Core_Plugin_Task_Mail', 1, 60, 1),
('Statistics', 'Core_Plugin_Task_Statistics', 1, 43200, 1);


-- --------------------------------------------------------

--
-- Table structure for table `engine4_core_themes`
--

DROP TABLE IF EXISTS `engine4_core_themes`;
CREATE TABLE IF NOT EXISTS `engine4_core_themes` (
  `theme_id` int(11) unsigned NOT NULL auto_increment,
  `name` varchar(64) CHARACTER SET latin1 COLLATE latin1_general_ci NOT NULL,
  `title` varchar(255) NOT NULL,
  `description` text NOT NULL,
  `active` tinyint(4) NOT NULL default '0',
  PRIMARY KEY  (`theme_id`),
  UNIQUE KEY `name` (`name`),
  KEY `active` (`active`)
) ENGINE=InnoDB  DEFAULT CHARSET=latin1 ;

--
-- Dumping data for table `engine4_core_themes`
--

INSERT IGNORE INTO `engine4_core_themes` (`theme_id`, `name`, `title`, `description`, `active`) VALUES
(1, 'default', 'Default Theme', '', 1),
(2, 'midnight', 'Midnight', '', 0);


-- -----------------------------------------------------------------------------
-- --------------- END: application/modules/Core/settings/my.sql ---------------
-- -----------------------------------------------------------------------------



-- -----------------------------------------------------------------------------
-- ------------ START: application/modules/Activity/settings/my.sql ------------
-- -----------------------------------------------------------------------------


/**
 * SocialEngine
 *
 * @category   Application_Core
 * @package    Activity
 * @copyright  Copyright 2006-2010 Webligo Developments
 * @license    http://www.socialengine.net/license/
 * @version    ID my.sql 6590 2010-06-25 19:40:21Z john IDEND
 * @author     John
 */


-- --------------------------------------------------------

--
-- Table structure for table `engine4_activity_actions`
--

DROP TABLE IF EXISTS `engine4_activity_actions`;
CREATE TABLE `engine4_activity_actions` (
  `action_id` int(11) unsigned NOT NULL auto_increment,
  `type` varchar(32) NOT NULL,
  `subject_type` varchar(24) CHARACTER SET latin1 COLLATE latin1_general_ci NOT NULL,
  `subject_id` int(11) unsigned NOT NULL,
  `object_type` varchar(24) CHARACTER SET latin1 COLLATE latin1_general_ci NOT NULL,
  `object_id` int(11) unsigned NOT NULL,
  `body` text NULL,
  `params` text NULL,
  `date` datetime NOT NULL,
  `attachment_count` smallint(3) unsigned NOT NULL default '0',
  `comment_count` mediumint(5) unsigned NOT NULL default '0',
  `like_count` mediumint(5) unsigned NOT NULL default '0',
  PRIMARY KEY  (`action_id`),
  KEY `SUBJECT` (`subject_type`,`subject_id`),
  KEY `OBJECT` (`object_type`,`object_id`)
) ENGINE=InnoDB DEFAULT CHARSET=utf8 COLLATE utf8_unicode_ci ;


-- --------------------------------------------------------

--
-- Table structure for table `engine4_activity_actionsettings`
--

DROP TABLE IF EXISTS `engine4_activity_actionsettings`;
CREATE TABLE IF NOT EXISTS `engine4_activity_actionsettings` (
  `user_id` int(11) unsigned NOT NULL,
  `type` varchar(32) CHARACTER SET latin1 COLLATE latin1_general_ci NOT NULL,
  `publish` tinyint(1) NOT NULL default '1',
  PRIMARY KEY  (`user_id`,`type`)
) ENGINE=InnoDB DEFAULT CHARSET=utf8 COLLATE utf8_unicode_ci ;


-- --------------------------------------------------------

--
-- Table structure for table `engine4_activity_actiontypes`
--

DROP TABLE IF EXISTS `engine4_activity_actiontypes`;
CREATE TABLE IF NOT EXISTS `engine4_activity_actiontypes` (
  `type` varchar(32) CHARACTER SET latin1 COLLATE latin1_general_ci NOT NULL,
  `module` varchar(32) CHARACTER SET latin1 COLLATE latin1_general_ci NOT NULL,
  `body` text NOT NULL,
  `enabled` tinyint(1) NOT NULL default '1',
  `displayable` tinyint(1) NOT NULL default '3',
  `attachable` tinyint(1) NOT NULL default '1',
  `commentable` tinyint(1) NOT NULL default '1',
  `shareable` tinyint(1) NOT NULL default '1',
  `is_generated` tinyint(1) NOT NULL default '1',
  PRIMARY KEY  (`type`)
) ENGINE=InnoDB DEFAULT CHARSET=utf8 COLLATE utf8_unicode_ci ;


-- --------------------------------------------------------

--
-- Table structure for table `engine4_activity_attachments`
--

DROP TABLE IF EXISTS `engine4_activity_attachments`;
CREATE TABLE IF NOT EXISTS `engine4_activity_attachments` (
  `attachment_id` int(11) unsigned NOT NULL auto_increment,
  `action_id` int(11) unsigned NOT NULL,
  `type` varchar(24) CHARACTER SET latin1 COLLATE latin1_general_ci NOT NULL,
  `id` int(11) unsigned NOT NULL,
  `mode` tinyint(1) NOT NULL default '0',
  PRIMARY KEY  (`attachment_id`),
  KEY `action_id` (`action_id`),
  KEY `type_id` (`type`, `id`)
) ENGINE=InnoDB DEFAULT CHARSET=utf8 COLLATE utf8_unicode_ci ;


-- --------------------------------------------------------

--
-- Table structure for table `engine4_activity_comments`
--

DROP TABLE IF EXISTS `engine4_activity_comments`;
CREATE TABLE IF NOT EXISTS `engine4_activity_comments` (
  `comment_id` int(11) unsigned NOT NULL auto_increment,
  `resource_id` int(11) unsigned NOT NULL,
  `poster_type` varchar(24) CHARACTER SET latin1 COLLATE latin1_general_ci NOT NULL,
  `poster_id` int(11) unsigned NOT NULL,
  `body` text NOT NULL,
  `creation_date` datetime NOT NULL,
  PRIMARY KEY  (`comment_id`),
  KEY `resource_type` (`resource_id`),
  KEY `poster_type` (`poster_type`, `poster_id`)
) ENGINE=InnoDB DEFAULT CHARSET=utf8 COLLATE utf8_unicode_ci;


-- --------------------------------------------------------

--
-- Table structure for table `engine4_activity_likes`
--

DROP TABLE IF EXISTS `engine4_activity_likes`;
CREATE TABLE `engine4_activity_likes` (
  `like_id` int(11) unsigned NOT NULL auto_increment,
  `resource_id` int(11) unsigned NOT NULL,
  `poster_type` varchar(16) CHARACTER SET latin1 COLLATE latin1_general_ci NOT NULL,
  `poster_id` int(11) unsigned NOT NULL,
  PRIMARY KEY  (`like_id`),
  KEY `resource_id` (`resource_id`),
  KEY `poster_type` (`poster_type`, `poster_id`)
) ENGINE=InnoDB DEFAULT CHARSET=utf8 COLLATE utf8_unicode_ci ;


-- --------------------------------------------------------

--
-- Table structure for table `engine4_activity_notifications`
--

DROP TABLE IF EXISTS `engine4_activity_notifications`;
CREATE TABLE IF NOT EXISTS `engine4_activity_notifications` (
  `notification_id` int(11) unsigned NOT NULL auto_increment,
  `user_id` int(11) unsigned NOT NULL,
  `subject_type` varchar(24) CHARACTER SET latin1 COLLATE latin1_general_ci NOT NULL,
  `subject_id` int(11) unsigned NOT NULL,
  `object_type` varchar(24) CHARACTER SET latin1 COLLATE latin1_general_ci NOT NULL,
  `object_id` int(11) unsigned NOT NULL,
  `type` varchar(32) CHARACTER SET latin1 COLLATE latin1_general_ci NOT NULL,
  `params` text NULL,
  `read` tinyint(1) NOT NULL default '0',
  `mitigated` tinyint(1) NOT NULL default '0',
  `date` datetime NOT NULL,
  PRIMARY KEY  (`notification_id`),
  KEY `LOOKUP` (`user_id`,`date`),
  KEY `subject` (`subject_type`, `subject_id`),
  KEY `object` (`object_type`, `object_id`)
) ENGINE=InnoDB DEFAULT CHARSET=utf8 COLLATE utf8_unicode_ci ;


-- --------------------------------------------------------

--
-- Table structure for table `engine4_activity_notificationsettings`
--

DROP TABLE IF EXISTS `engine4_activity_notificationsettings`;
CREATE TABLE IF NOT EXISTS `engine4_activity_notificationsettings` (
  `user_id` int(11) unsigned NOT NULL,
  `type` varchar(32) CHARACTER SET latin1 COLLATE latin1_general_ci NOT NULL,
  `email` tinyint(4) NOT NULL default '1',
  PRIMARY KEY  (`user_id`,`type`)
) ENGINE=InnoDB DEFAULT CHARSET=utf8 COLLATE utf8_unicode_ci ;


-- --------------------------------------------------------

--
-- Table structure for table `engine4_activity_notificationtypes`
--

DROP TABLE IF EXISTS `engine4_activity_notificationtypes`;
CREATE TABLE IF NOT EXISTS `engine4_activity_notificationtypes` (
  `type` varchar(32) CHARACTER SET latin1 COLLATE latin1_general_ci NOT NULL,
  `module` varchar(32) CHARACTER SET latin1 COLLATE latin1_general_ci NOT NULL,
  `body` text NOT NULL,
  `is_request` tinyint(1) NOT NULL default '0',
  `handler` varchar(32) NOT NULL default '',
  PRIMARY KEY  (`type`)
) ENGINE=InnoDB DEFAULT CHARSET=utf8 COLLATE utf8_unicode_ci ;

--
-- Dumping data for table `engine4_activity_notificationtypes`
--

INSERT IGNORE INTO `engine4_activity_notificationtypes` (`type`, `module`, `body`, `is_request`, `handler`) VALUES
('liked', 'activity', '{item:$subject} likes your {item:$object:$label}.', 0, ''),
('commented', 'activity', '{item:$subject} has commented on your {item:$object:$label}.', 0, ''),
('commented_commented', 'activity', '{item:$subject} has commented on a {item:$object:$label} you commented on.', 0, ''),
('liked_commented', 'activity', '{item:$subject} has commented on a {item:$object:$label} you liked.', 0, '')
;

-- --------------------------------------------------------

--
-- Table structure for table `engine4_activity_stream`
--

DROP TABLE IF EXISTS `engine4_activity_stream`;
CREATE TABLE `engine4_activity_stream` (
  `target_type` varchar(16) CHARACTER SET latin1 COLLATE latin1_general_ci NOT NULL,
  `target_id` int(11) unsigned NOT NULL,
  `subject_type` varchar(24) CHARACTER SET latin1 COLLATE latin1_general_ci NOT NULL,
  `subject_id` int(11) unsigned NOT NULL,
  `object_type` varchar(24) CHARACTER SET latin1 COLLATE latin1_general_ci NOT NULL,
  `object_id` int(11) unsigned NOT NULL,
  `type` varchar(32) CHARACTER SET latin1 COLLATE latin1_general_ci NOT NULL,
  `action_id` int(11) unsigned NOT NULL,
  PRIMARY KEY  (`target_type`,`target_id`,`action_id`),
  KEY `SUBJECT` (`subject_type`,`subject_id`,`action_id`),
  KEY `OBJECT` (`object_type`,`object_id`,`action_id`)
) ENGINE=InnoDB DEFAULT CHARSET=utf8 COLLATE utf8_unicode_ci ;


-- --------------------------------------------------------

--
-- Dumping data for table `engine4_core_menuitems`
--

INSERT IGNORE INTO `engine4_core_menuitems` (`name`, `module`, `label`, `plugin`, `params`, `menu`, `submenu`, `order`) VALUES
('core_admin_main_settings_activity', 'activity', 'Activity Feed Settings', '', '{"route":"activity_admin_settings_general"}', 'core_admin_main_settings', '', 4)
;


-- --------------------------------------------------------

--
-- Dumping data for table `engine4_core_modules`
--

INSERT INTO `engine4_core_modules` (`name`, `title`, `description`, `version`, `enabled`, `type`) VALUES
('activity', 'Activity', 'Activity', '4.0.0', 1, 'core');


-- --------------------------------------------------------

--
-- Dumping data for table `engine4_core_settings`
--

INSERT IGNORE INTO `engine4_core_settings` (`name`, `value`) VALUES
('activity.disallowed', 'N'),
('activity.content', 'everyone'),
('activity.filter', 1),
('activity.length', 15),
('activity.publish', 1),
('activity.userdelete', 1),
('activity.userlength', 5),
('activity.liveupdate', 120000)
;

-- -----------------------------------------------------------------------------
-- ------------- END: application/modules/Activity/settings/my.sql -------------
-- -----------------------------------------------------------------------------



-- -----------------------------------------------------------------------------
-- --------- START: application/modules/Authorization/settings/my.sql ----------
-- -----------------------------------------------------------------------------


/**
 * SocialEngine
 *
 * @category   Application_Core
 * @package    Authorization
 * @copyright  Copyright 2006-2010 Webligo Developments
 * @license    http://www.socialengine.net/license/
 * @version    ID my.sql 6626 2010-06-29 02:19:32Z jung IDEND
 * @author     Steve
 */


-- --------------------------------------------------------

--
-- Table structure for table `engine4_authorization_allow`
--

DROP TABLE IF EXISTS `engine4_authorization_allow`;
CREATE TABLE IF NOT EXISTS `engine4_authorization_allow` (
  `resource_type` varchar(24) CHARACTER SET latin1 COLLATE latin1_general_ci NOT NULL,
  `resource_id` int(11) unsigned NOT NULL,
  `action` varchar(16) CHARACTER SET latin1 COLLATE latin1_general_ci NOT NULL,
  `role` varchar(24) CHARACTER SET latin1 COLLATE latin1_general_ci NOT NULL,
  `role_id` int(11) unsigned NOT NULL default '0',
  `value` tinyint(1) NOT NULL default '0',
  `params` text,
  PRIMARY KEY  (`resource_type`,`resource_id`,`action`,`role`, `role_id`)
) ENGINE=InnoDB DEFAULT CHARSET=utf8 COLLATE utf8_unicode_ci ;

--
-- Dumping data for table `engine4_authorization_allow`
--

INSERT INTO `engine4_authorization_allow` (`resource_type`, `resource_id`, `action`, `role`, `value`, `params`) VALUES
('user', 1, 'view', 'everyone', 1, NULL),
('user', 1, 'view', 'member', 1, NULL),
('user', 1, 'view', 'registered', 1, NULL),
('user', 1, 'comment', 'everyone', 1, NULL),
('user', 1, 'comment', 'member', 1, NULL),
('user', 1, 'comment', 'registered', 1, NULL);


-- --------------------------------------------------------

--
-- Table structure for table `engine4_authorization_levels`
--

DROP TABLE IF EXISTS `engine4_authorization_levels`;
CREATE TABLE IF NOT EXISTS `engine4_authorization_levels` (
  `level_id` int(11) NOT NULL auto_increment,
  `title` varchar(255) NOT NULL,
  `description` text NOT NULL,
  `type` enum('public','user','moderator','admin') NOT NULL default 'user',
  `flag` enum('default','superadmin','public') NULL,
  PRIMARY KEY  (`level_id`)
) ENGINE=InnoDB DEFAULT CHARSET=utf8 COLLATE utf8_unicode_ci ;

--
-- Dumping data for table `engine4_authorization_levels`
--

INSERT IGNORE INTO `engine4_authorization_levels` (`level_id`, `title`, `description`, `type`, `flag`) VALUES
(1, 'Superadmins', 'Users of this level can modify all of your settings and data.  This level cannot be modified or deleted.', 'admin', 'superadmin'),
(2, 'Admins', 'Users of this level have full access to all of your network settings and data.', 'admin', ''),
(3, 'Moderators', 'Users of this level may edit user-side content.', 'moderator', ''),
(4, 'Default Level', 'This is the default user level.  New users are assigned to it automatically.', 'user', 'default'),
(5, 'Public', 'Settings for this level apply to users who have not logged in.', 'public', 'public');


-- --------------------------------------------------------

--
-- Table structure for table `engine4_authorization_permissions`
--

DROP TABLE IF EXISTS `engine4_authorization_permissions`;
CREATE TABLE `engine4_authorization_permissions` (
  `level_id` int(11) unsigned NOT NULL,
  `type` varchar(16) CHARACTER SET latin1 COLLATE latin1_general_ci NOT NULL,
  `name` varchar(16) CHARACTER SET latin1 COLLATE latin1_general_ci NOT NULL,
  `value` tinyint(3) NOT NULL default '0',
  `params` varchar(255) NULL,
  PRIMARY KEY  (`level_id`,`type`,`name`)
) ENGINE=InnoDB DEFAULT CHARSET=utf8 COLLATE utf8_unicode_ci ;

--
-- Dumping data for table `engine4_authorization_permissions`
--

INSERT IGNORE INTO `engine4_authorization_permissions` (`level_id`, `type`, `name`, `value`, `params`) VALUES
(1, 'admin', 'view', 1, NULL),

(2, 'admin', 'view', 1, NULL),


(1, 'core_link', 'create', 1, NULL),
(1, 'core_link', 'view', 2, NULL),

(2, 'core_link', 'create', 1, NULL),
(2, 'core_link', 'view', 2, NULL),

(3, 'core_link', 'create', 1, NULL),
(3, 'core_link', 'view', 2, NULL),

(4, 'core_link', 'create', 1, NULL),
(4, 'core_link', 'view', 1, NULL),

(4, 'core_link', 'create', 0, NULL),
(5, 'core_link', 'view', 1, NULL),

(1, 'general', 'style', 1, NULL),
(2, 'general', 'style', 1, NULL),
(3, 'general', 'style', 1, NULL),
(4, 'general', 'style', 1, NULL),

(1, 'general', 'activity', 1, NULL),
(2, 'general', 'activity', 1, NULL),
(3, 'general', 'activity', 1, NULL),
(4, 'general', 'activity', 0, NULL);


-- --------------------------------------------------------

--
-- Dumping data for table `engine4_core_modules`
--

INSERT INTO `engine4_core_modules` (`name`, `title`, `description`, `version`, `enabled`, `type`) VALUES
('authorization', 'Authorization', 'Authorization', '4.0.0', 1, 'core');


INSERT IGNORE INTO `engine4_core_menuitems` (`name`, `module`, `label`, `plugin`, `params`, `menu`, `submenu`, `order`) VALUES
('authorization_admin_main_manage', 'authorization', 'View Member Levels', '', '{"route":"admin_default","module":"authorization","controller":"level"}', 'authorization_admin_main', '', 1),
('authorization_admin_main_level', 'authorization', 'Member Level Settings', '', '{"route":"admin_default","module":"authorization","controller":"level","action":"edit"}', 'authorization_admin_main', '', 3)
;

-- -----------------------------------------------------------------------------
-- ---------- END: application/modules/Authorization/settings/my.sql -----------
-- -----------------------------------------------------------------------------



-- -----------------------------------------------------------------------------
-- ------------- START: application/modules/Album/settings/my.sql --------------
-- -----------------------------------------------------------------------------


/**
 * SocialEngine
 *
 * @category   Application_Extensions
 * @package    Album
 * @copyright  Copyright 2006-2010 Webligo Developments
 * @license    http://www.socialengine.net/license/
 * @version    ID my.sql 6804 2010-07-21 05:00:19Z john IDEND
 * @author     Sami
 */


-- --------------------------------------------------------

--
-- Table structure for table `engine4_album_albums`
--

DROP TABLE IF EXISTS `engine4_album_albums`;
CREATE TABLE `engine4_album_albums` (
  `album_id` int(11) unsigned NOT NULL auto_increment,
  `title` varchar(128) NOT NULL,
  `description` mediumtext NOT NULL,
  `owner_type` varchar(64) CHARACTER SET latin1 COLLATE latin1_general_ci NOT NULL,
  `owner_id` int(11) unsigned NOT NULL,
  `category_id` int(11) unsigned NOT NULL default '0',
  `creation_date` datetime NOT NULL,
  `modified_date` datetime NOT NULL,
  `photo_id` int(11) unsigned NOT NULL default '0',
  `view_count` int(11) unsigned NOT NULL default '0',
  `comment_count` int(11) unsigned NOT NULL default '0',
  `search` tinyint(1) NOT NULL default '1',
  `type` enum('wall','profile','message') NULL,
  PRIMARY KEY (`album_id`),
  KEY `owner_type` (`owner_type`, `owner_id`),
  KEY `search` (`search`)
) ENGINE=InnoDB DEFAULT CHARSET=utf8 COLLATE utf8_unicode_ci ;

-- --------------------------------------------------------

--
-- Table structure for table `engine4_album_categories`
--

DROP TABLE IF EXISTS `engine4_album_categories`;
CREATE TABLE `engine4_album_categories` (
  `category_id` int(11) NOT NULL auto_increment,
  `user_id` int(11) unsigned NOT NULL,
  `category_name` varchar(128) NOT NULL,
  PRIMARY KEY (`category_id`),
  KEY `user_id` (`user_id`)
) ENGINE=InnoDB DEFAULT CHARSET=utf8 COLLATE utf8_unicode_ci ;

--
-- Dumping data for table `engine4_album_categories`
--

INSERT IGNORE INTO `engine4_album_categories` (`category_id`, `user_id`, `category_name`) VALUES
(1, 1, 'Arts & Culture'),
(2, 1, 'Business'),
(3, 1, 'Entertainment'),
(5, 1, 'Family & Home'),
(6, 1, 'Health'),
(7, 1, 'Recreation'),
(8, 1, 'Personal'),
(9, 1, 'Shopping'),
(10, 1, 'Society'),
(11, 1, 'Sports'),
(12, 1, 'Technology'),
(13, 1, 'Other');


-- --------------------------------------------------------

--
-- Table structure for table `engine4_album_photos`
--

DROP TABLE IF EXISTS `engine4_album_photos`;
CREATE TABLE `engine4_album_photos` (
  `photo_id` int(11) unsigned NOT NULL auto_increment,
  `title` varchar(128) NOT NULL,
  `description` mediumtext NOT NULL,
  `creation_date` datetime NOT NULL,
  `modified_date` datetime NOT NULL,
  `collection_id` int(11) unsigned NOT NULL,
  `owner_type` varchar(64) CHARACTER SET latin1 COLLATE latin1_general_ci NOT NULL,
  `owner_id` int(11) unsigned NOT NULL,
  `file_id` int(11) unsigned NOT NULL,
  `view_count` int(11) unsigned NOT NULL default '0',
  `comment_count` int(11) unsigned NOT NULL default '0',
  PRIMARY KEY (`photo_id`),
  KEY `collection_id` (`collection_id`),
  KEY `owner_type` (`owner_type`, `owner_id`)
) ENGINE=InnoDB DEFAULT CHARSET=utf8 COLLATE utf8_unicode_ci ;


-- --------------------------------------------------------

--
-- Dumping data for table `engine4_core_menuitems`
--

INSERT IGNORE INTO `engine4_core_menuitems` (`name`, `module`, `label`, `plugin`, `params`, `menu`, `submenu`, `order`) VALUES
('core_main_album', 'album', 'Albums', '', '{"route":"album_general","action":"browse"}', 'core_main', '', 3),

('core_sitemap_album', 'album', 'Albums', '', '{"route":"album_general","action":"browse"}', 'core_sitemap', '', 3),

('album_main_browse', 'album', 'Everyone''s Albums', '', '{"route":"album_general","action":"browse"}', 'album_main', '', 1),
('album_main_manage', 'album', 'My Albums', '', '{"route":"album_general","action":"manage"}', 'album_main', '', 2),
('album_main_upload', 'album', 'Add New Photos', '', '{"route":"album_general","action":"upload"}', 'album_main', '', 3),

('core_admin_main_plugins_album', 'album', 'Photo Albums', '', '{"route":"admin_default","module":"album","controller":"settings","action":"index"}', 'core_admin_main_plugins', '', 999),

('album_admin_main_manage', 'album', 'View Albums', '', '{"route":"admin_default","module":"album","controller":"manage"}', 'album_admin_main', '', 1),
('album_admin_main_settings', 'album', 'Global Settings', '', '{"route":"admin_default","module":"album","controller":"settings"}', 'album_admin_main', '', 2),
('album_admin_main_level', 'album', 'Member Level Settings', '', '{"route":"admin_default","module":"album","controller":"level"}', 'album_admin_main', '', 3),
('album_admin_main_categories', 'album', 'Categories', '', '{"route":"admin_default","module":"album","controller":"settings", "action":"categories"}', 'album_admin_main', '', 4)
;


-- --------------------------------------------------------

--
-- Dumping data for table `engine4_core_modules`
--

INSERT INTO `engine4_core_modules` (`name`, `title`, `description`, `version`, `enabled`, `type`) VALUES
('album', 'Photo Albums', 'This plugin gives your users their own personal photo albums. These albums can be configured to store photos, videos, or any other file types you choose to allow. Users can interact by commenting on each others photos and viewing their friends'' recent updates.', '4.0.0', 1, 'extra');


-- --------------------------------------------------------

--
-- Dumping data for table `engine4_activity_actiontypes`
--

INSERT INTO `engine4_activity_actiontypes` (`type`, `module`, `body`, `enabled`, `displayable`, `attachable`, `commentable`, `shareable`, `is_generated`) VALUES
('album_photo_new', 'album', '{item:$subject} added {var:$count} photo(s) to the album {item:$object}:', 1, 5, 1, 3, 1, 1),
('comment_album', 'album', '{item:$subject} commented on {item:$owner}''s {item:$object:album}: {body:$body}', 1, 1, 1, 1, 1, 0),
('comment_album_photo', 'album', '{item:$subject} commented on {item:$owner}''s {item:$object:photo}: {body:$body}', 1, 1, 1, 1, 1, 0);


-- --------------------------------------------------------

--
-- Dumping data for table `engine4_authorization_permissions`
--

INSERT INTO `engine4_authorization_permissions` (`level_id`, `type`, `name`, `value`, `params`) VALUES
(1, 'album', 'create', 2, NULL),
(1, 'album', 'view', 2, NULL),
(1, 'album', 'edit', 2, NULL),
(1, 'album', 'delete', 2, NULL),
(1, 'album', 'comment', 2, NULL),
(1, 'album', 'tag', 2, NULL),
(1, 'album', 'auth_view', 5, '["everyone","owner_network","owner_member_member","owner_member","owner"]'),
(1, 'album', 'auth_comment', 5, '["everyone","owner_network","owner_member_member","owner_member","owner"]'),
(1, 'album', 'auth_tag', 5, '["everyone","owner_network","owner_member_member","owner_member","owner"]'),

(2, 'album', 'create', 2, NULL),
(2, 'album', 'view', 2, NULL),
(2, 'album', 'edit', 2, NULL),
(2, 'album', 'delete', 2, NULL),
(2, 'album', 'comment', 2, NULL),
(2, 'album', 'tag', 2, NULL),
(2, 'album', 'auth_view', 5, '["everyone","owner_network","owner_member_member","owner_member","owner"]'),
(2, 'album', 'auth_comment', 5, '["everyone","owner_network","owner_member_member","owner_member","owner"]'),
(2, 'album', 'auth_tag', 5, '["everyone","owner_network","owner_member_member","owner_member","owner"]'),

(3, 'album', 'create', 2, NULL),
(3, 'album', 'view', 2, NULL),
(3, 'album', 'edit', 2, NULL),
(3, 'album', 'delete', 2, NULL),
(3, 'album', 'comment', 2, NULL),
(3, 'album', 'tag', 2, NULL),
(3, 'album', 'auth_view', 5, '["everyone","owner_network","owner_member_member","owner_member","owner"]'),
(3, 'album', 'auth_comment', 5, '["everyone","owner_network","owner_member_member","owner_member","owner"]'),
(3, 'album', 'auth_tag', 5, '["everyone","owner_network","owner_member_member","owner_member","owner"]'),

(4, 'album', 'create', 1, NULL),
(4, 'album', 'view', 1, NULL),
(4, 'album', 'edit', 1, NULL),
(4, 'album', 'delete', 1, NULL),
(4, 'album', 'comment', 1, NULL),
(4, 'album', 'tag', 1, NULL),
(4, 'album', 'auth_view', 5, '["everyone","owner_network","owner_member_member","owner_member","owner"]'),
(4, 'album', 'auth_comment', 5, '["everyone","owner_network","owner_member_member","owner_member","owner"]'),
(4, 'album', 'auth_tag', 5, '["everyone","owner_network","owner_member_member","owner_member","owner"]'),

(5, 'album', 'view', 1, NULL),
(5, 'album', 'tag', 0, NULL);

-- -----------------------------------------------------------------------------
-- -------------- END: application/modules/Album/settings/my.sql ---------------
-- -----------------------------------------------------------------------------



-- -----------------------------------------------------------------------------
-- ---------- START: application/modules/Announcement/settings/my.sql ----------
-- -----------------------------------------------------------------------------


/**
 * SocialEngine
 *
 * @category   Application_Core
 * @package    Announcement
 * @copyright  Copyright 2006-2010 Webligo Developments
 * @license    http://www.socialengine.net/license/
 * @version    ID my.sql 6590 2010-06-25 19:40:21Z john IDEND
 * @author     John
 */


-- --------------------------------------------------------

--
-- Table structure for table `engine4_announcement_announcements`
--

DROP TABLE IF EXISTS `engine4_announcement_announcements`;
CREATE TABLE IF NOT EXISTS `engine4_announcement_announcements` (
  `announcement_id` int(11) unsigned NOT NULL auto_increment,
  `user_id` int(11) unsigned NOT NULL,
  `title` varchar(255) NOT NULL,
  `body` text NOT NULL,
  `creation_date` datetime NOT NULL,
  `modified_date` datetime NULL,
  PRIMARY KEY  (`announcement_id`),
  KEY `user_id` (`user_id`)
) ENGINE=InnoDB DEFAULT CHARSET=utf8 COLLATE utf8_unicode_ci ;


-- --------------------------------------------------------

--
-- Dumping data for table `engine4_core_modules`
--

INSERT INTO `engine4_core_modules` (`name`, `title`, `description`, `version`, `enabled`, `type`) VALUES
('announcement', 'Announcements', 'Announcements', '4.0.0', 1, 'standard');


-- --------------------------------------------------------

--
-- Dumping data for table `engine4_authorization_permissions`
--

INSERT INTO `engine4_authorization_permissions` (`level_id`, `type`, `name`, `value`, `params`) VALUES
(1, 'announcement', 'create', 1, NULL),
(1, 'announcement', 'view', 2, NULL),
(1, 'announcement', 'edit', 2, NULL),
(1, 'announcement', 'delete', 2, NULL),

(2, 'announcement', 'create', 1, NULL),
(2, 'announcement', 'view', 2, NULL),
(2, 'announcement', 'edit', 2, NULL),
(2, 'announcement', 'delete', 2, NULL),

(3, 'announcement', 'create', 0, NULL),
(3, 'announcement', 'view', 1, NULL),
(3, 'announcement', 'edit', 0, NULL),
(3, 'announcement', 'delete', 0, NULL),

(4, 'announcement', 'create', 0, NULL),
(4, 'announcement', 'view', 1, NULL),
(4, 'announcement', 'edit', 0, NULL),
(4, 'announcement', 'delete', 0, NULL),

(5, 'announcement', 'view', 1, NULL);

-- -----------------------------------------------------------------------------
-- ----------- END: application/modules/Announcement/settings/my.sql -----------
-- -----------------------------------------------------------------------------



-- -----------------------------------------------------------------------------
-- -------------- START: application/modules/Blog/settings/my.sql --------------
-- -----------------------------------------------------------------------------

/**
 * SocialEngine
 *
 * @category   Application_Extensions
 * @package    Blog
 * @copyright  Copyright 2006-2010 Webligo Developments
 * @license    http://www.socialengine.net/license/
 * @version    ID my.sql 6538 2010-06-23 22:55:51Z shaun IDEND
 * @author     Jung
 */


-- --------------------------------------------------------

--
-- Table structure for table `engine4_blog_blogs`
--

DROP TABLE IF EXISTS `engine4_blog_blogs`;
CREATE TABLE `engine4_blog_blogs` (
  `blog_id` int(11) unsigned NOT NULL auto_increment,
  `title` varchar(128) NOT NULL,
  `body` longtext NOT NULL,
  `owner_type` varchar(64) CHARACTER SET latin1 COLLATE latin1_general_ci NOT NULL,
  `owner_id` int(11) unsigned NOT NULL,
  `category_id` int(11) unsigned NOT NULL default '0',
  `creation_date` datetime NOT NULL,
  `modified_date` datetime NOT NULL,
  `view_count` int(11) unsigned NOT NULL default '0',
  `comment_count` int(11) unsigned NOT NULL default '0',
  `search` tinyint(1) NOT NULL default '1',
  `draft` tinyint(1) unsigned NOT NULL default '0',
  PRIMARY KEY (`blog_id`),
  KEY `owner_type` (`owner_type`, `owner_id`),
  KEY `search` (`search`)
) ENGINE=InnoDB DEFAULT CHARSET=utf8 COLLATE utf8_unicode_ci ;


-- --------------------------------------------------------

--
-- Table structure for table `engine4_blog_categories`
--

DROP TABLE IF EXISTS `engine4_blog_categories`;
CREATE TABLE `engine4_blog_categories` (
  `category_id` int(11) NOT NULL auto_increment,
  `user_id` int(11) unsigned NOT NULL,
  `category_name` varchar(128) NOT NULL,
  PRIMARY KEY (`category_id`),
  KEY `user_id` (`user_id`)
) ENGINE=InnoDB DEFAULT CHARSET=utf8 COLLATE utf8_unicode_ci ;

--
-- Dumping data for table `engine4_blog_categories`
--

INSERT IGNORE INTO `engine4_blog_categories` (`category_id`, `user_id`, `category_name`) VALUES
(1, 1, 'Arts & Culture'),
(2, 1, 'Business'),
(3, 1, 'Entertainment'),
(5, 1, 'Family & Home'),
(6, 1, 'Health'),
(7, 1, 'Recreation'),
(8, 1, 'Personal'),
(9, 1, 'Shopping'),
(10, 1, 'Society'),
(11, 1, 'Sports'),
(12, 1, 'Technology'),
(13, 1, 'Other');


-- --------------------------------------------------------

--
-- Dumping data for table `engine4_core_menuitems`
--

INSERT IGNORE INTO `engine4_core_menuitems` (`name`, `module`, `label`, `plugin`, `params`, `menu`, `submenu`, `order`) VALUES
('core_main_blog', 'blog', 'Blogs', '', '{"route":"blog_browse"}', 'core_main', '', 4),
('core_sitemap_blog', 'blog', 'Blogs', '', '{"route":"blog_browse"}', 'core_sitemap', '', 4),

('core_admin_main_plugins_blog', 'blog', 'Blogs', '', '{"route":"admin_default","module":"blog","controller":"settings"}', 'core_admin_main_plugins', '', 999),

('blog_admin_main_manage', 'blog', 'View Blogs', '', '{"route":"admin_default","module":"blog","controller":"manage"}', 'blog_admin_main', '', 1),
('blog_admin_main_settings', 'blog', 'Global Settings', '', '{"route":"admin_default","module":"blog","controller":"settings"}', 'blog_admin_main', '', 2),
('blog_admin_main_level', 'blog', 'Member Level Settings', '', '{"route":"admin_default","module":"blog","controller":"level"}', 'blog_admin_main', '', 3),
('blog_admin_main_categories', 'blog', 'Categories', '', '{"route":"admin_default","module":"blog","controller":"settings", "action":"categories"}', 'blog_admin_main', '', 4)
;


-- --------------------------------------------------------

--
-- Dumping data for table `engine4_core_modules`
--

INSERT IGNORE INTO `engine4_core_modules` (`name`, `title`, `description`, `version`, `enabled`, `type`) VALUES
('blog', 'Blogs', 'Blogs', '4.0.0', 1, 'extra');


-- --------------------------------------------------------

--
-- Dumping data for table `engine4_activity_actiontypes`
--

INSERT IGNORE INTO `engine4_activity_actiontypes` (`type`, `module`, `body`, `enabled`, `displayable`, `attachable`, `commentable`, `shareable`, `is_generated`) VALUES
('blog_new', 'blog', '{item:$subject} wrote a new blog entry:', 1, 5, 1, 3, 1, 1),
('comment_blog', 'blog', '{item:$subject} commented on {item:$owner}''s {item:$object:blog entry}: {body:$body}', 1, 1, 1, 1, 1, 0);


-- --------------------------------------------------------

--
-- Dumping data for table `engine4_authorization_permissions`
--

INSERT IGNORE INTO `engine4_authorization_permissions` (`level_id`, `type`, `name`, `value`, `params`) VALUES
(1, 'blog', 'create', 1, NULL),
(1, 'blog', 'delete', 1, NULL),
(1, 'blog', 'edit', 1, NULL),
(1, 'blog', 'view', 1, NULL),
(1, 'blog', 'comment', 1, NULL),
(1, 'blog', 'css', 1, NULL),
(1, 'blog', 'max', 3, '20'),
(1, 'blog', 'auth_comment', 5, '["everyone","owner_network","owner_member_member","owner_member","owner"]'),
(1, 'blog', 'auth_html', 3, 'strong, b, em, i, u, strike, sub, sup, p, div, pre, address, h1, h2, h3, h4, h5, h6, span, ol, li, ul, a, img, embed, br, hr'),
(1, 'blog', 'auth_view', 5, '["everyone","owner_network","owner_member_member","owner_member","owner"]'),

(2, 'blog', 'create', 1, NULL),
(2, 'blog', 'delete', 1, NULL),
(2, 'blog', 'edit', 1, NULL),
(2, 'blog', 'view', 1, NULL),
(2, 'blog', 'comment', 2, NULL),
(2, 'blog', 'css', 1, NULL),
(2, 'blog', 'max', 3, '20'),
(2, 'blog', 'auth_comment', 5, '["everyone","owner_network","owner_member_member","owner_member","owner"]'),
(2, 'blog', 'auth_html', 3, 'strong, b, em, i, u, strike, sub, sup, p, div, pre, address, h1, h2, h3, h4, h5, h6, span, ol, li, ul, a, img, embed, br, hr'),
(2, 'blog', 'auth_view', 5, '["everyone","owner_network","owner_member_member","owner_member","owner"]'),

(3, 'blog', 'create', 1, NULL),
(3, 'blog', 'delete', 1, NULL),
(3, 'blog', 'edit', 1, NULL),
(3, 'blog', 'view', 1, NULL),
(3, 'blog', 'comment', 1, NULL),
(3, 'blog', 'css', 1, NULL),
(3, 'blog', 'max', 3, '20'),
(3, 'blog', 'auth_comment', 5, '["everyone","owner_network","owner_member_member","owner_member","owner"]'),
(3, 'blog', 'auth_html', 3, 'strong, b, em, i, u, strike, sub, sup, p, div, pre, address, h1, h2, h3, h4, h5, h6, span, ol, li, ul, a, img, embed, br, hr'),
(3, 'blog', 'auth_view', 5, '["everyone","owner_network","owner_member_member","owner_member","owner"]'),

(4, 'blog', 'create', 1, NULL),
(4, 'blog', 'delete', 1, NULL),
(4, 'blog', 'edit', 1, NULL),
(4, 'blog', 'view', 1, NULL),
(4, 'blog', 'comment', 1, NULL),
(4, 'blog', 'css', 1, NULL),
(4, 'blog', 'max', 3, '20'),
(4, 'blog', 'auth_comment', 5, '["everyone","owner_network","owner_member_member","owner_member","owner"]'),
(4, 'blog', 'auth_html', 3, 'strong, b, em, i, u, strike, sub, sup, p, div, pre, address, h1, h2, h3, h4, h5, h6, span, ol, li, ul, a, img, embed, br, hr'),
(4, 'blog', 'auth_view', 5, '["everyone","owner_network","owner_member_member","owner_member","owner"]'),

(5, 'blog', 'view', 1, NULL),
(5, 'blog', 'css', 1, NULL),
(5, 'blog', 'max', 3, '20'),
(5, 'blog', 'auth_comment', 5, '["everyone","owner_network","owner_member_member","owner_member","owner"]'),
(5, 'blog', 'auth_html', 3, 'strong, b, em, i, u, strike, sub, sup, p, div, pre, address, h1, h2, h3, h4, h5, h6, span, ol, li, ul, a, img, embed, br, hr'),
(5, 'blog', 'auth_view', 5, '["everyone","owner_network","owner_member_member","owner_member","owner"]');


-- -----------------------------------------------------------------------------
-- --------------- END: application/modules/Blog/settings/my.sql ---------------
-- -----------------------------------------------------------------------------



-- -----------------------------------------------------------------------------
-- -------------- START: application/modules/Chat/settings/my.sql --------------
-- -----------------------------------------------------------------------------


/**
 * SocialEngine
 *
 * @category   Application_Extensions
 * @package    Chat
 * @copyright  Copyright 2006-2010 Webligo Developments
 * @license    http://www.socialengine.net/license/
 * @version    ID my.sql 6509 2010-06-22 23:49:13Z shaun IDEND
 * @author     John
 */


-- --------------------------------------------------------

--
-- Table structure for table `engine4_chat_bans`
--

DROP TABLE IF EXISTS `engine4_chat_bans`;
CREATE TABLE IF NOT EXISTS `engine4_chat_bans` (
  `ban_id` int(11) NOT NULL auto_increment,
  `user_id` int(11) NOT NULL,
  `room_id` int(11) default NULL,
  `description` varchar(255) NOT NULL default '',
  `expires` int(11) NOT NULL default '0',
  PRIMARY KEY  (`ban_id`),
  KEY `user_id` (`user_id`)
) ENGINE=InnoDB DEFAULT CHARSET=utf8 COLLATE=utf8_unicode_ci ;


-- --------------------------------------------------------

--
-- Table structure for table `engine4_chat_events`
--

DROP TABLE IF EXISTS `engine4_chat_events`;
CREATE TABLE IF NOT EXISTS `engine4_chat_events` (
  `event_id` bigint(20) NOT NULL auto_increment,
  `user_id` int(11) NOT NULL,
  `date` datetime NOT NULL,
  `type` varchar(64) collate utf8_unicode_ci NOT NULL,
  `body` text collate utf8_unicode_ci NOT NULL,
  PRIMARY KEY  (`event_id`),
  KEY `user_id` (`user_id`,`date`)
) ENGINE=InnoDB DEFAULT CHARSET=utf8 COLLATE=utf8_unicode_ci ;


-- --------------------------------------------------------

--
-- Table structure for table `engine4_chat_messages`
--

DROP TABLE IF EXISTS `engine4_chat_messages`;
CREATE TABLE IF NOT EXISTS `engine4_chat_messages` (
  `message_id` int(11) NOT NULL auto_increment,
  `room_id` int(11) NOT NULL,
  `user_id` int(11) NOT NULL,
  `system` tinyint(1) NOT NULL default 0,
  `body` text collate utf8_unicode_ci NOT NULL,
  `date` datetime NOT NULL,
  PRIMARY KEY  (`message_id`),
  KEY `room_id` (`room_id`, `date`)
) ENGINE=InnoDB DEFAULT CHARSET=utf8 COLLATE=utf8_unicode_ci ;


-- --------------------------------------------------------

--
-- Table structure for table `engine4_chat_rooms`
--

DROP TABLE IF EXISTS `engine4_chat_rooms`;
CREATE TABLE IF NOT EXISTS `engine4_chat_rooms` (
  `room_id` int(11) NOT NULL auto_increment,
  `title` varchar(64) collate utf8_unicode_ci default NULL,
  `user_count` smallint(6) NOT NULL,
  `modified_date` datetime NOT NULL,
  `public` tinyint(1) NOT NULL default '1',
  PRIMARY KEY  (`room_id`),
  KEY `public` (`public`)
) ENGINE=InnoDB DEFAULT CHARSET=utf8 COLLATE=utf8_unicode_ci ;

--
-- Dumping data for table `engine4_chat_rooms`
--

INSERT IGNORE INTO `engine4_chat_rooms` (`room_id`, `title`, `user_count`, `modified_date`) VALUES
(1, 'General Chat', 0, '2010-02-02 00:44:04'),
(2, 'Introduce Yourself', 0, '2010-02-02 00:44:04');


-- --------------------------------------------------------

--
-- Table structure for table `engine4_chat_roomusers`
--

DROP TABLE IF EXISTS `engine4_chat_roomusers`;
CREATE TABLE IF NOT EXISTS `engine4_chat_roomusers` (
  `room_id` int(11) NOT NULL,
  `user_id` int(11) NOT NULL,
  `state` tinyint(1) NOT NULL default '1',
  `date` datetime NOT NULL,
  PRIMARY KEY  (`room_id`,`user_id`),
  KEY `user_id` (`user_id`),
  KEY `date` (`date`)
) ENGINE=Memory DEFAULT CHARSET=utf8 COLLATE=utf8_unicode_ci;


-- --------------------------------------------------------

--
-- Table structure for table `engine4_chat_users`
--

DROP TABLE IF EXISTS `engine4_chat_users`;
CREATE TABLE IF NOT EXISTS `engine4_chat_users` (
  `user_id` int(11) NOT NULL,
  `state` tinyint(1) NOT NULL default '1',
  `date` datetime NOT NULL,
  `event_count` smallint NOT NULL default 0,
  PRIMARY KEY  (`user_id`),
  KEY `date` (`date`)
) ENGINE=MEMORY DEFAULT CHARSET=utf8 COLLATE=utf8_unicode_ci;


-- --------------------------------------------------------

--
-- Table structure for table `engine4_chat_whispers`
--

DROP TABLE IF EXISTS `engine4_chat_whispers`;
CREATE TABLE IF NOT EXISTS `engine4_chat_whispers` (
  `whisper_id` bigint(20) NOT NULL auto_increment,
  `recipient_id` int(11) NOT NULL,
  `sender_id` int(11) NOT NULL,
  `body` text collate utf8_unicode_ci NOT NULL,
  `date` datetime NOT NULL,
  `recipient_deleted` tinyint(1) NOT NULL default '0',
  `sender_deleted` tinyint(1) NOT NULL default '0',
  PRIMARY KEY  (`whisper_id`),
  KEY `recipient_id` (`recipient_id`),
  KEY `sender_id` (`sender_id`)
) ENGINE=InnoDB DEFAULT CHARSET=utf8 COLLATE=utf8_unicode_ci;


-- --------------------------------------------------------

--
-- Dumping data for table `engine4_core_menuitems`
--

INSERT IGNORE INTO `engine4_core_menuitems` (`name`, `module`, `label`, `plugin`, `params`, `menu`, `submenu`, `order`) VALUES
('core_main_chat', 'chat', 'Chat', '', '{"route":"default","module":"chat"}', 'core_main', '', 5),
('core_sitemap_chat', 'chat', 'Chat', '', '{"route":"default","module":"chat"}', 'core_sitemap', '', 5),

('core_admin_main_plugins_chat', 'chat', 'Chat', '', '{"route":"admin_default","module":"chat","controller":"settings"}', 'core_admin_main_plugins', '', 999),

('chat_admin_main_manage', 'chat', 'Manage Chat Rooms', '', '{"route":"admin_default","module":"chat","controller":"manage"}', 'chat_admin_main', '', 1),
('chat_admin_main_settings', 'chat', 'Global Settings', '', '{"route":"admin_default","module":"chat","controller":"settings"}', 'chat_admin_main', '', 2),
('chat_admin_main_level', 'chat', 'Member Level Settings', '', '{"route":"admin_default","module":"chat","controller":"settings","action":"level"}', 'chat_admin_main', '', 3)
;


-- --------------------------------------------------------

--
-- Dumping data for table `engine4_core_modules`
--

INSERT INTO `engine4_core_modules` (`name`, `title`, `description`, `version`, `enabled`, `type`) VALUES
('chat', 'Chat', 'Chat', '4.0.0', 1, 'extra');


-- --------------------------------------------------------

--
-- Dumping data for table `engine4_core_settings`
--

INSERT IGNORE INTO `engine4_core_settings` (`name`, `value`) VALUES
('chat.general.delay', '5000'),
('chat.chat.enabled', '1'),
('chat.im.enabled', '1'),
('chat.im.privacy', 'friends');


-- --------------------------------------------------------

--
-- Dumping data for table `engine4_authorization_permissions`
--

INSERT IGNORE INTO `engine4_authorization_permissions` (`level_id`, `type`, `name`, `value`, `params`) VALUES
(1, 'chat', 'chat', 1, NULL),
(1, 'chat', 'im', 1, NULL),

(2, 'chat', 'chat', 1, NULL),
(2, 'chat', 'im', 1, NULL),

(3, 'chat', 'chat', 1, NULL),
(3, 'chat', 'im', 1, NULL),

(4, 'chat', 'chat', 1, NULL),
(4, 'chat', 'im', 1, NULL);

-- -----------------------------------------------------------------------------
-- --------------- END: application/modules/Chat/settings/my.sql ---------------
-- -----------------------------------------------------------------------------



-- -----------------------------------------------------------------------------
-- ----------- START: application/modules/Classified/settings/my.sql -----------
-- -----------------------------------------------------------------------------


/**
 * SocialEngine
 *
 * @category   Application_Extensions
 * @package    Classified
 * @copyright  Copyright 2006-2010 Webligo Developments
 * @license    http://www.socialengine.net/license/
 * @version    ID my.sql 6511 2010-06-23 00:09:51Z shaun IDEND
 * @author	   John
 */


-- --------------------------------------------------------

--
-- Table structure for table `engine4_classified_classifieds`
--

DROP TABLE IF EXISTS `engine4_classified_classifieds`;
CREATE TABLE `engine4_classified_classifieds` (
  `classified_id` int(11) unsigned NOT NULL AUTO_INCREMENT,
  `title` varchar(128) NOT NULL,
  `body` longtext NOT NULL,
  `owner_id` int(11) unsigned NOT NULL,
  `category_id` int(11) unsigned NOT NULL,
  `photo_id` int(10) unsigned NOT NULL default '0',
  `creation_date` datetime NOT NULL,
  `modified_date` datetime NOT NULL,
  `view_count` int(11) unsigned NOT NULL default '0',
  `comment_count` int(11) unsigned NOT NULL default '0',
  `search` tinyint(1) NOT NULL default '1',
  `closed` tinyint(4) NOT NULL default '0',
  PRIMARY KEY (`classified_id`),
  KEY `owner_id` (`owner_id`),
  KEY `search` (`search`)
) ENGINE=InnoDB DEFAULT CHARSET=utf8 COLLATE utf8_unicode_ci ;


-- --------------------------------------------------------

--
-- Table structure for table `engine4_classified_albums`
--

DROP TABLE IF EXISTS `engine4_classified_albums`;
CREATE TABLE `engine4_classified_albums` (
  `album_id` int(11) unsigned NOT NULL AUTO_INCREMENT,
  `classified_id` int(11) unsigned NOT NULL,
  `title` varchar(128) NOT NULL,
  `description` mediumtext NOT NULL,
  `creation_date` datetime NOT NULL,
  `modified_date` datetime NOT NULL,
  `search` tinyint(1) NOT NULL default '1',
  `photo_id` int(11) unsigned NOT NULL default '0',
  `view_count` int(11) unsigned NOT NULL default '0',
  `comment_count` int(11) unsigned NOT NULL default '0',
  `collectible_count` int(11) unsigned NOT NULL default '0',
  PRIMARY KEY (`album_id`),
  KEY `classified_id` (`classified_id`)
) ENGINE=InnoDB DEFAULT CHARSET=utf8 COLLATE utf8_unicode_ci ;


-- --------------------------------------------------------

--
-- Table structure for table `engine4_classified_photos`
--

DROP TABLE IF EXISTS `engine4_classified_photos`;
CREATE TABLE `engine4_classified_photos` (
  `photo_id` int(11) unsigned NOT NULL AUTO_INCREMENT,
  `album_id` int(11) unsigned NOT NULL,
  `classified_id` int(11) unsigned NOT NULL,
  `user_id` int(11) unsigned NOT NULL,
  `title` varchar(128) NOT NULL,
  `description` varchar(255) NOT NULL,
  `collection_id` int(11) unsigned NOT NULL,
  `file_id` int(11) unsigned NOT NULL,
  `creation_date` datetime NOT NULL,
  `modified_date` datetime NOT NULL,
  PRIMARY KEY (`photo_id`),
  KEY `album_id` (`album_id`),
  KEY `classified_id` (`classified_id`),
  KEY `user_id` (`user_id`)
) ENGINE=InnoDB DEFAULT CHARSET=utf8 COLLATE utf8_unicode_ci ;


-- --------------------------------------------------------

--
-- Table structure for table `engine4_classified_categories`
--

DROP TABLE IF EXISTS `engine4_classified_categories`;
CREATE TABLE `engine4_classified_categories` (
  `category_id` int(11) unsigned NOT NULL AUTO_INCREMENT,
  `user_id` int(11) unsigned NOT NULL,
  `category_name` varchar(128) NOT NULL,
  PRIMARY KEY (`category_id`),
  KEY `user_id` (`user_id`)
) ENGINE=InnoDB DEFAULT CHARSET=utf8 COLLATE utf8_unicode_ci ;

--
-- Dumping data for table `engine4_classified_categories`
--

INSERT IGNORE INTO `engine4_classified_categories` (`category_id`, `user_id`, `category_name`) VALUES
(1, 1, 'Arts & Culture'),
(2, 1, 'Business'),
(3, 1, 'Entertainment'),
(5, 1, 'Family & Home'),
(6, 1, 'Health'),
(7, 1, 'Recreation'),
(8, 1, 'Personal'),
(9, 1, 'Shopping'),
(10, 1, 'Society'),
(11, 1, 'Sports'),
(12, 1, 'Technology'),
(13, 1, 'Other');


-- --------------------------------------------------------

--
-- Table structure for table `engine4_classified_fields_maps`
--

DROP TABLE IF EXISTS `engine4_classified_fields_maps`;
CREATE TABLE `engine4_classified_fields_maps` (
  `field_id` int(11) NOT NULL,
  `option_id` int(11) NOT NULL,
  `child_id` int(11) NOT NULL,
  `order` smallint(6) NOT NULL,
  PRIMARY KEY  (`field_id`,`option_id`,`child_id`)
) ENGINE=InnoDB DEFAULT CHARSET=latin1 ;

--
-- Dumping data for table `engine4_classified_fields_maps`
--

INSERT IGNORE INTO `engine4_classified_fields_maps` (`field_id`, `option_id`, `child_id`, `order`) VALUES
(0, 0, 2, 2),
(0, 0, 3, 3)
;


-- --------------------------------------------------------

--
-- Table structure for table `engine4_classified_fields_meta`
--

DROP TABLE IF EXISTS `engine4_classified_fields_meta`;
CREATE TABLE `engine4_classified_fields_meta` (
  `field_id` int(11) NOT NULL auto_increment,

  `type` varchar(24) collate latin1_general_ci NOT NULL,
  `label` varchar(64) NOT NULL,
  `description` varchar(255) NOT NULL default '',
  `alias` varchar(32) NOT NULL default '',
  `required` tinyint(1) NOT NULL default '0',
  `display` tinyint(1) unsigned NOT NULL,
  `search` tinyint(1) unsigned NOT NULL default '0',
  `order` smallint(3) unsigned NOT NULL default '999',

  `config` text NOT NULL,
  `validators` text NULL,
  `filters` text NULL,

  `style` text NULL,
  `error` text NULL,
  /*`unit` varchar(32) COLLATE utf8_unicode_ci NOT NULL,*/

  PRIMARY KEY  (`field_id`)
) ENGINE=InnoDB DEFAULT CHARSET=utf8 COLLATE utf8_unicode_ci ;

--
-- Dumping data for table `engine4_classified_fields_fields`
--

INSERT IGNORE INTO `engine4_classified_fields_meta` (`field_id`, `type`, `label`, `description`, `alias`, `required`, `config`, `validators`, `filters`, `display`, `search`) VALUES
(2, 'currency', 'Price', '', 'price', 0, '{"unit":"USD"}', NULL, NULL, 1, 1),
(3, 'location', 'Location', '', 'location', 0, '', NULL, NULL, 1, 1);


-- --------------------------------------------------------

--
-- Table structure for table `engine4_classified_fields_options`
--

DROP TABLE IF EXISTS `engine4_classified_fields_options`;
CREATE TABLE `engine4_classified_fields_options` (
  `option_id` int(11) NOT NULL auto_increment,
  `field_id` int(11) NOT NULL,
  `label` varchar(255) NOT NULL,
  `order` smallint(6) NOT NULL default '999',
  PRIMARY KEY  (`option_id`),
  KEY `field_id` (`field_id`)
) ENGINE=InnoDB DEFAULT CHARSET=utf8 COLLATE utf8_unicode_ci ;


-- --------------------------------------------------------

--
-- Table structure for table `engine4_classified_fields_values`
--

DROP TABLE IF EXISTS `engine4_classified_fields_values`;
CREATE TABLE `engine4_classified_fields_values` (
  `item_id` int(11) NOT NULL,
  `field_id` int(11) NOT NULL,
  `index` smallint(3) NOT NULL default '0',
  `value` text NOT NULL,
  PRIMARY KEY  (`item_id`,`field_id`,`index`)
) ENGINE=InnoDB DEFAULT CHARSET=utf8 COLLATE utf8_unicode_ci ;


-- --------------------------------------------------------

--
-- Table structure for table `engine4_classified_fields_search`
--

DROP TABLE IF EXISTS `engine4_classified_fields_search`;
CREATE TABLE IF NOT EXISTS `engine4_classified_fields_search` (
  `item_id` int(11) NOT NULL,
  `price` double NULL,
  `location` varchar(255) NULL,
  PRIMARY KEY  (`item_id`),
  KEY `price` (`price`),
  KEY `location` (`location`)
) ENGINE=InnoDB DEFAULT CHARSET=latin1;





-- --------------------------------------------------------

--
-- Dumping data for table `engine4_core_menuitems`
--

INSERT IGNORE INTO `engine4_core_menuitems` (`name`, `module`, `label`, `plugin`, `params`, `menu`, `submenu`, `order`) VALUES
('core_main_classified', 'classified', 'Classifieds', '', '{"route":"classified_browse"}', 'core_main', '', 4),
('core_sitemap_classified', 'classified', 'Classifieds', '', '{"route":"classified_browse"}', 'core_sitemap', '', 4),

('core_admin_main_plugins_classified', 'classified', 'Classifieds', '', '{"route":"admin_default","module":"classified","controller":"settings"}', 'core_admin_main_plugins', '', 999),

('classified_admin_main_manage', 'classified', 'View Classifieds', '', '{"route":"admin_default","module":"classified","controller":"manage"}', 'classified_admin_main', '', 1),
('classified_admin_main_settings', 'classified', 'Global Settings', '', '{"route":"admin_default","module":"classified","controller":"settings"}', 'classified_admin_main', '', 2),
('classified_admin_main_level', 'classified', 'Member Level Settings', '', '{"route":"admin_default","module":"classified","controller":"level"}', 'classified_admin_main', '', 3),
('classified_admin_main_fields', 'classified', 'Classified Questions', '', '{"route":"admin_default","module":"classified","controller":"fields"}', 'classified_admin_main', '', 4),
('classified_admin_main_categories', 'classified', 'Categories', '', '{"route":"admin_default","module":"classified","controller":"settings","action":"categories"}', 'classified_admin_main', '', 5)
;


-- --------------------------------------------------------

--
-- Dumping data for table `engine4_core_modules`
--

INSERT IGNORE INTO `engine4_core_modules` (`name`, `title`, `description`, `version`, `enabled`, `type`) VALUES
('classified', 'Classifieds', 'Classifieds', '4.0.0', 1, 'extra');


-- --------------------------------------------------------

--
-- Dumping data for table `engine4_core_settings`
--

INSERT IGNORE INTO `engine4_core_settings` (`name`, `value`) VALUES
('classified.currency', '$');


-- --------------------------------------------------------

INSERT IGNORE INTO `engine4_activity_actiontypes` (`type`, `module`, `body`, `enabled`, `displayable`, `attachable`, `commentable`, `shareable`, `is_generated`) VALUES
('classified_new', 'classified', '{item:$subject} posted a new classified listing:', 1, 5, 1, 3, 1, 1),
('comment_classified', 'classified', '{item:$subject} commented on {item:$owner}''s {item:$object:classified listing}: {body:$body}', 1, 1, 1, 1, 1, 0);


-- --------------------------------------------------------

--
-- Dumping data for table `engine4_activity_notificationtypes`
--

INSERT IGNORE INTO `engine4_activity_notificationtypes` (`type`, `module`, `body`, `is_request`, `handler`) VALUES
('comment_classified', 'classified', '{item:$subject} has commented on your {item:$object:classified listing}.', 0, ''),
('like_classified', 'classified', '{item:$subject} likes your {item:$object:classified listing}.', 0, ''),
('commented_classified', 'classified', '{item:$subject} has commented on a {item:$object:classified listing} you commented on.', 0, ''),
('liked_classified', 'classified', '{item:$subject} has commented on a {item:$object:classified listing} you liked.', 0, '')
;


-- --------------------------------------------------------

--
-- Dumping data for table `engine4_authorization_permissions`
--

INSERT IGNORE INTO `engine4_authorization_permissions` (`level_id`, `type`, `name`, `value`, `params`) VALUES
(1, 'classified', 'create', 1, NULL),
(1, 'classified', 'delete', 1, NULL),
(1, 'classified', 'edit', 1, NULL),
(1, 'classified', 'view', 1, NULL),
(1, 'classified', 'comment', 1, NULL),
(1, 'classified', 'photo', 1, NULL),
(1, 'classified', 'max', 3, '20'),
(1, 'classified', 'auth_comment', 5, '["everyone","owner_network","owner_member_member","owner_member","owner"]'),
(1, 'classified', 'auth_view', 5, '["everyone","owner_network","owner_member_member","owner_member","owner"]'),

(2, 'classified', 'create', 1, NULL),
(2, 'classified', 'delete', 1, NULL),
(2, 'classified', 'edit', 1, NULL),
(2, 'classified', 'view', 1, NULL),
(2, 'classified', 'comment', 1, NULL),
(2, 'classified', 'photo', 1, NULL),
(2, 'classified', 'max', 3, '20'),
(2, 'classified', 'auth_comment', 5, '["everyone","owner_network","owner_member_member","owner_member","owner"]'),
(2, 'classified', 'auth_view', 5, '["everyone","owner_network","owner_member_member","owner_member","owner"]'),

(3, 'classified', 'create', 1, NULL),
(3, 'classified', 'delete', 1, NULL),
(3, 'classified', 'edit', 1, NULL),
(3, 'classified', 'view', 1, NULL),
(3, 'classified', 'comment', 1, NULL),
(3, 'classified', 'photo', 1, NULL),
(3, 'classified', 'max', 3, '20'),
(3, 'classified', 'auth_comment', 5, '["everyone","owner_network","owner_member_member","owner_member","owner"]'),
(3, 'classified', 'auth_view', 5, '["everyone","owner_network","owner_member_member","owner_member","owner"]'),

(4, 'classified', 'create', 1, NULL),
(4, 'classified', 'delete', 1, NULL),
(4, 'classified', 'edit', 1, NULL),
(4, 'classified', 'view', 1, NULL),
(4, 'classified', 'comment', 1, NULL),
(4, 'classified', 'photo', 1, NULL),
(4, 'classified', 'max', 3, '20'),
(4, 'classified', 'auth_comment', 5, '["everyone","owner_network","owner_member_member","owner_member","owner"]'),
(4, 'classified', 'auth_view', 5, '["everyone","owner_network","owner_member_member","owner_member","owner"]'),

(5, 'classified', 'view', 1, NULL),
(5, 'classified', 'photo', 1, NULL),
(5, 'classified', 'max', 3, '20'),
(5, 'classified', 'auth_comment', 5, '["everyone","owner_network","owner_member_member","owner_member","owner"]'),
(5, 'classified', 'auth_view', 5, '["everyone","owner_network","owner_member_member","owner_member","owner"]');


-- -----------------------------------------------------------------------------
-- ------------ END: application/modules/Classified/settings/my.sql ------------
-- -----------------------------------------------------------------------------



-- -----------------------------------------------------------------------------
-- ------------- START: application/modules/Event/settings/my.sql --------------
-- -----------------------------------------------------------------------------

/**
 * SocialEngine
 *
 * @category   Application_Extensions
 * @package    Event
 * @copyright  Copyright 2006-2010 Webligo Developments
 * @license    http://www.socialengine.net/license/
 * @version    ID my.sql 5999 2010-05-27 00:01:27Z szerrade IDEND
 * @author     Sami
 */


-- --------------------------------------------------------

--
-- Table structure for table `engine4_event_albums`
--

DROP TABLE IF EXISTS `engine4_event_albums` ;
CREATE TABLE `engine4_event_albums` (
  `album_id` int(11) unsigned NOT NULL AUTO_INCREMENT,
  `event_id` int(11) unsigned NOT NULL,
  `title` varchar(128) NOT NULL,
  `description` varchar(255) NOT NULL,
  `creation_date` datetime NOT NULL,
  `modified_date` datetime NOT NULL,
  `search` tinyint(1) NOT NULL default '1',
  `photo_id` int(11) unsigned NOT NULL default '0',
  `view_count` int(11) unsigned NOT NULL default '0',
  `comment_count` int(11) unsigned NOT NULL default '0',
  `collectible_count` int(11) unsigned NOT NULL default '0',
   PRIMARY KEY (`album_id`),
   KEY (`event_id`),
   KEY (`search`)
) ENGINE=InnoDB DEFAULT CHARSET=utf8 COLLATE utf8_unicode_ci ;


-- --------------------------------------------------------

--
-- Table structure for table `engine4_event_categories`
--

DROP TABLE IF EXISTS `engine4_event_categories` ;
CREATE TABLE IF NOT EXISTS `engine4_event_categories` (
  `category_id` int(11) unsigned NOT NULL auto_increment,
  `title` varchar(64) NOT NULL,
  PRIMARY KEY  (`category_id`)
) ENGINE=InnoDB DEFAULT CHARSET=utf8 COLLATE utf8_unicode_ci ;

--
-- Dumping data for table `engine4_event_categories`
--

INSERT IGNORE INTO `engine4_event_categories` (`title`) VALUES
('Arts'),
('Business'),
('Conferences'),
('Festivals'),
('Food'),
('Fundraisers'),
('Galleries'),
('Health'),
('Just For Fun'),
('Kids'),
('Learning'),
('Literary'),
('Movies'),
('Museums'),
('Neighborhood'),
('Networking'),
('Nightlife'),
('On Campus'),
('Organizations'),
('Outdoors'),
('Pets'),
('Politics'),
('Sales'),
('Science'),
('Spirituality'),
('Sports'),
('Technology'),
('Theatre'),
('Other');


-- --------------------------------------------------------

--
-- Table structure for table `engine4_event_events`
--

DROP TABLE IF EXISTS `engine4_event_events` ;
CREATE TABLE `engine4_event_events` (
  `event_id` int(11) unsigned NOT NULL AUTO_INCREMENT,
  `title` varchar(128) NOT NULL,
  `description` varchar(512) NOT NULL,
  `user_id` int(11) unsigned NOT NULL,
  `parent_type` varchar(64) NOT NULL,
  `parent_id` int(11) unsigned NOT NULL,
  `search` tinyint(1) NOT NULL default '1',
  `creation_date` datetime NOT NULL,
  `modified_date` datetime NOT NULL,
  `starttime` datetime NOT NULL,
  `endtime` datetime NOT NULL,
  `host` varchar(115) NOT NULL,
  `location` varchar(115) NOT NULL,
  `view_count` int(11) unsigned NOT NULL default '0',
  `member_count` int(11) unsigned NOT NULL default '0',
  `approval` tinyint(1) NOT NULL default '0',
  `invite` tinyint(1) NOT NULL default '0',
  `photo_id` int(11) unsigned NOT NULL,
  `category_id` int(11) unsigned NOT NULL default '0',
  PRIMARY KEY (`event_id`),
  KEY `user_id` (`user_id`),
  KEY `parent_type` (`parent_type`, `parent_id`),
  KEY `starttime` (`starttime`),
  KEY `search` (`search`)
) ENGINE=InnoDB DEFAULT CHARSET=utf8 COLLATE utf8_unicode_ci ;


-- --------------------------------------------------------

--
-- Table structure for table `engine4_event_membership`
--

DROP TABLE IF EXISTS `engine4_event_membership`;
CREATE TABLE IF NOT EXISTS `engine4_event_membership` (
  `resource_id` int(11) unsigned NOT NULL,
  `user_id` int(11) unsigned NOT NULL,
  `active` tinyint(1) NOT NULL default '0',
  `resource_approved` tinyint(1) NOT NULL default '0',
  `user_approved` tinyint(1) NOT NULL default '0',
  `message` text NULL,
  `rsvp` tinyint(3) NOT NULL default '1',
  `title` text NULL,
  PRIMARY KEY  (`resource_id`, `user_id`),
  KEY `REVERSE` (`user_id`)
) ENGINE=InnoDB DEFAULT CHARSET=utf8 COLLATE utf8_unicode_ci ;


-- --------------------------------------------------------

--
-- Table structure for table `engine4_event_photos`
--

DROP TABLE IF EXISTS `engine4_event_photos`;
CREATE TABLE `engine4_event_photos` (
  `photo_id` int(11) unsigned NOT NULL auto_increment,
  `album_id` int(11) unsigned NOT NULL,
  `event_id` int(11) unsigned NOT NULL,
  `user_id` int(11) unsigned NOT NULL,

  `title` varchar(128) NOT NULL,
  `description` varchar(255) NOT NULL,
  `collection_id` int(11) unsigned NOT NULL,
  `file_id` int(11) unsigned NOT NULL,
  `creation_date` datetime NOT NULL,
  `modified_date` datetime NOT NULL,
  PRIMARY KEY (`photo_id`),
  KEY (`album_id`),
  KEY (`event_id`),
  KEY (`collection_id`)
) ENGINE=InnoDB DEFAULT CHARSET=utf8 COLLATE utf8_unicode_ci ;


-- --------------------------------------------------------

--
-- Table structure for table `engine4_event_posts`
--

DROP TABLE IF EXISTS `engine4_event_posts`;
CREATE TABLE IF NOT EXISTS `engine4_event_posts` (
  `post_id` int(11) unsigned NOT NULL auto_increment,
  `topic_id` int(11) unsigned NOT NULL,
  `event_id` int(11) unsigned NOT NULL,
  `user_id` int(11) unsigned NOT NULL,
  `body` text NOT NULL,
  `creation_date` datetime NOT NULL,
  `modified_date` datetime NOT NULL,
  PRIMARY KEY  (`post_id`),
  KEY `topic_id` (`topic_id`),
  KEY `event_id` (`event_id`),
  KEY `user_id` (`user_id`)
) ENGINE=InnoDB DEFAULT CHARSET=utf8 COLLATE utf8_unicode_ci ;


-- --------------------------------------------------------

--
-- Table structure for table `engine4_event_topics`
--

DROP TABLE IF EXISTS `engine4_event_topics`;
CREATE TABLE IF NOT EXISTS `engine4_event_topics` (
  `topic_id` int(11) unsigned NOT NULL auto_increment,
  `event_id` int(11) unsigned NOT NULL,
  `user_id` int(11) unsigned NOT NULL,
  `title` varchar(64) NOT NULL,
  `creation_date` datetime NOT NULL,
  `modified_date` datetime NOT NULL,
  `sticky` tinyint(1) NOT NULL default '0',
  `closed` tinyint(1) NOT NULL default '0',
  `post_count` int(11) unsigned NOT NULL default '0',
  `lastpost_id` int(11) unsigned NOT NULL,
  `lastposter_id` int(11) unsigned NOT NULL,
  PRIMARY KEY  (`topic_id`),
  KEY `event_id` (`event_id`),
  KEY `user_id` (`user_id`)
) ENGINE=InnoDB DEFAULT CHARSET=utf8 COLLATE utf8_unicode_ci ;


-- --------------------------------------------------------

--
-- Dumping data for table `engine4_core_menuitems`
--

INSERT IGNORE INTO `engine4_core_menuitems` (`name`, `module`, `label`, `plugin`, `params`, `menu`, `submenu`, `order`) VALUES
('core_main_event', 'event', 'Events', '', '{"route":"event_general"}', 'core_main', '', 6),

('core_sitemap_event', 'event', 'Events', '', '{"route":"event_general"}', 'core_sitemap', '', 6),

('event_main_upcoming', 'event', 'Upcoming Events', '', '{"route":"event_upcoming"}', 'event_main', '', 1),
('event_main_past', 'event', 'Past Events', '', '{"route":"event_past"}', 'event_main', '', 2),
('event_main_manage', 'event', 'My Events', 'Event_Plugin_Menus', '{"route":"event_general","action":"manage"}', 'event_main', '', 3),
('event_main_create', 'event', 'Create New Event', 'Event_Plugin_Menus', '{"route":"event_general","action":"create"}', 'event_main', '', 4),

('event_profile_edit', 'event', 'Edit Profile', 'Event_Plugin_Menus', '', 'event_profile', '', 1),
('event_profile_style', 'event', 'Edit Styles', 'Event_Plugin_Menus', '', 'event_profile', '', 2),

('event_profile_member', 'event', 'Member', 'Event_Plugin_Menus', '', 'event_profile', '', 3),
('event_profile_report', 'event', 'Report Event', 'Event_Plugin_Menus', '', 'event_profile', '', 4),
('event_profile_share', 'event', 'Share', 'Event_Plugin_Menus', '', 'event_profile', '', 5),
('event_profile_invite', 'event', 'Invite', 'Event_Plugin_Menus', '', 'event_profile', '', 6),
('event_profile_message', 'event', 'Message Members', 'Event_Plugin_Menus', '', 'event_profile', '', 7),

('core_admin_main_plugins_event', 'event', 'Events', '', '{"route":"admin_default","module":"event","controller":"manage"}', 'core_admin_main_plugins', '', 999),
('event_admin_main_manage', 'event', 'Manage Events', '', '{"route":"admin_default","module":"event","controller":"manage"}', 'event_admin_main', '', 1),
('event_admin_main_level', 'event', 'Member Level Settings', '', '{"route":"admin_default","module":"event","controller":"settings","action":"level"}', 'event_admin_main', '', 2),
('event_admin_main_categories', 'event', 'Categories', '', '{"route":"admin_default","module":"event","controller":"settings","action":"categories"}', 'event_admin_main', '', 3)

;


-- --------------------------------------------------------

--
-- Dumping data for table `engine4_core_modules`
--

INSERT IGNORE INTO `engine4_core_modules` (`name`, `title`, `description`, `version`, `enabled`, `type`) VALUES
('event', 'Events', 'Events', '4.0.0', 1, 'extra');


-- --------------------------------------------------------

--
-- Dumping data for table `engine4_activity_actiontypes`
--

INSERT IGNORE INTO `engine4_activity_actiontypes` (`type`, `module`, `body`, `enabled`, `displayable`, `attachable`, `commentable`, `shareable`, `is_generated`) VALUES
('event_create', 'event', '{item:$subject} created a new event:', 1, 5, 1, 1, 1, 1),
('event_join', 'event', '{item:$subject} joined the event {item:$object}', 1, 3, 1, 1, 1, 1),
('event_topic_create', 'event', '{item:$subject} posted a {item:$object:topic} in the event {itemParent:$object:event}: {body:$body}', 1, 3, 1, 1, 1, 1),
('event_topic_reply', 'event', '{item:$subject} replied to a {item:$object:topic} in the event {itemParent:$object:event}: {body:$body}', 1, 3, 1, 1, 1, 1),
('event_photo_upload', 'event', '{item:$subject} added {var:$count} photo(s).', 1, 3, 2, 1, 1, 1)
;


-- --------------------------------------------------------

--
-- Dumping data for table `engine4_activity_notificationtypes`
--

INSERT IGNORE INTO `engine4_activity_notificationtypes` (`type`, `module`, `body`, `is_request`, `handler`) VALUES
('event_discussion_response', 'event', '{item:$subject} has {item:$object:posted} on a {itemParent:$object::event topic} you created.', 0, ''),
('event_discussion_reply', 'event', '{item:$subject} has {item:$object:posted} on a {itemParent:$object::event topic} you posted on.', 0, ''),

('event_invite', 'event', '{item:$subject} has invited you to the event {item:$object}.', 0, ''),
('event_accepted', 'event', 'Your request to join the event {item:$subject} has been approved.', 0, '')
;


-- --------------------------------------------------------

--
-- Dumping data for table `engine4_authorization_permissions`
--

INSERT IGNORE INTO `engine4_authorization_permissions` (`level_id`, `type`, `name`, `value`, `params`) VALUES
(1, 'event', 'create', 1, NULL),
(1, 'event', 'delete', 2, NULL),
(1, 'event', 'edit', 2, NULL),
(1, 'event', 'invite', 2, NULL),
(1, 'event', 'auth_view', 5,'["everyone", "registered", "member", "owner_network","owner_member_member","owner_member","owner"]'),
(1, 'event', 'auth_comment', 5,'["registered", "member", "owner_network","owner_member_member","owner_member","owner"]'),
(1, 'event', 'auth_photo', 5,'["member","owner"]'),

(1, 'event', 'view', 2, NULL),
(1, 'event', 'comment', 2, NULL),
(1, 'event', 'photo', 2, NULL),

(2, 'event', 'create', 1, NULL),
(2, 'event', 'delete', 2, NULL),
(2, 'event', 'edit', 2, NULL),
(2, 'event', 'invite', 2, NULL),
(2, 'event', 'view', 2, NULL),
(2, 'event', 'comment', 2, NULL),
(2, 'event', 'photo', 2, NULL),
(2, 'event', 'auth_view', 5,'["everyone","registered", member", "owner_network","owner_member_member","owner_member","owner"]'),
(2, 'event', 'auth_comment', 5,'["registered","member", "owner_network","owner_member_member","owner_member","owner"]'),
(2, 'event', 'auth_photo', 5,'["member","owner"]'),


(3, 'event', 'create', 1, NULL),
(3, 'event', 'delete', 2, NULL),
(3, 'event', 'edit', 2, NULL),
(3, 'event', 'invite', 2, NULL),
(3, 'event', 'view', 2, NULL),
(3, 'event', 'comment', 2, NULL),
(3, 'event', 'photo', 2, NULL),

(3, 'event', 'auth_view', 5,'["everyone","registered", "member", "owner_network","owner_member_member","owner_member","owner"]'),
(3, 'event', 'auth_comment', 5,'["registered","member", "owner_network","owner_member_member","owner_member","owner"]'),
(3, 'event', 'auth_photo', 5,'["member","owner"]'),

(4, 'event', 'create', 1, NULL),
(4, 'event', 'delete', 1, NULL),
(4, 'event', 'edit', 1, NULL),
(4, 'event', 'invite', 1, NULL),
(4, 'event', 'view', 1, NULL),
(4, 'event', 'comment', 1, NULL),
(4, 'event', 'photo', 1, NULL),

(4, 'event', 'auth_view', 5,'["everyone", "registered", "member", "owner_network","owner_member_member","owner_member","owner"]'),
(4, 'event', 'auth_comment', 5,'["registered","member", "owner_network","owner_member_member","owner_member","owner"]'),
(4, 'event', 'auth_photo', 5,'["member","owner"]'),
(5, 'event', 'view', 1, NULL);



-- -----------------------------------------------------------------------------
-- -------------- END: application/modules/Event/settings/my.sql ---------------
-- -----------------------------------------------------------------------------



-- -----------------------------------------------------------------------------
-- ------------- START: application/modules/Fields/settings/my.sql -------------
-- -----------------------------------------------------------------------------


/**
 * SocialEngine
 *
 * @category   Application_Core
 * @package    Fields
 * @copyright  Copyright 2006-2010 Webligo Developments
 * @license    http://www.socialengine.net/license/
 * @version    ID my.sql 6590 2010-06-25 19:40:21Z john IDEND
 * @author     John
 */


-- --------------------------------------------------------

--
-- Dumping data for table `engine4_activity_actiontypes`
--

INSERT IGNORE INTO `engine4_activity_actiontypes` (`type`, `module`, `body`, `enabled`, `displayable`, `attachable`, `commentable`, `shareable`, `is_generated`) VALUES
('fields_change_generic', 'fields', '{item:$subject} changed their {translate:$label} to "{var:$value}".', 1, 3, 1, 1, 1, 1)
;


-- --------------------------------------------------------

--
-- Dumping data for table `engine4_core_modules`
--

INSERT IGNORE INTO `engine4_core_modules` (`name`, `title`, `description`, `version`, `enabled`, `type`) VALUES
('fields', 'Fields', 'Fields', '4.0.0', 1, 'core');

-- -----------------------------------------------------------------------------
-- -------------- END: application/modules/Fields/settings/my.sql --------------
-- -----------------------------------------------------------------------------



-- -----------------------------------------------------------------------------
-- ------------- START: application/modules/Forum/settings/my.sql --------------
-- -----------------------------------------------------------------------------

/**
 * SocialEngine
 *
 * @category   Application_Core
 * @package    Forum
 * @copyright  Copyright 2006-2010 Webligo Developments
 * @license    http://www.socialengine.net/license/
 * @version    ID my.sql 6590 2010-06-25 19:40:21Z john IDEND
 * @author     John
 */


-- --------------------------------------------------------

--
-- Table structure for table `engine4_forum_categories`
--

DROP TABLE IF EXISTS `engine4_forum_categories`;
CREATE TABLE IF NOT EXISTS `engine4_forum_categories` (
  `category_id` int(11) unsigned NOT NULL auto_increment,
  `title` varchar(64) NOT NULL,
  `description` varchar(255) NOT NULL,
  `creation_date` datetime NOT NULL,
  `modified_date` datetime NOT NULL,
  `order` smallint(6) NOT NULL default '0',
  `forum_count` int(11) unsigned NOT NULL default '0',
  PRIMARY KEY  (`category_id`),
  KEY `order` (`order`)
) ENGINE=InnoDB DEFAULT CHARSET=utf8 COLLATE=utf8_unicode_ci ;

--
-- Dumping data for table `engine4_forum_categories`
--

INSERT IGNORE INTO `engine4_forum_categories` (`category_id`, `title`, `description`, `creation_date`, `modified_date`, `order`, `forum_count`) VALUES
(1, 'General', '', NOW(), NOW(), 1, 1),
(2, 'Off-Topic', '', NOW(), NOW(), 2, 1);


-- --------------------------------------------------------

--
-- Table structure for table `engine4_forum_forums`
--

DROP TABLE IF EXISTS `engine4_forum_forums`;
CREATE TABLE IF NOT EXISTS `engine4_forum_forums` (
  `forum_id` int(11) unsigned NOT NULL auto_increment,
  `category_id` int(11) unsigned NOT NULL,
  `title` varchar(64) NOT NULL,
  `description` varchar(255) NOT NULL,
  `creation_date` datetime NOT NULL,
  `modified_date` datetime NOT NULL,
  `order` smallint(6) NOT NULL default '999',
  `file_id` int(11) unsigned NOT NULL default '0',
  `topic_count` int(11) unsigned NOT NULL default '0',
  `post_count` int(11) unsigned NOT NULL default '0',
  `lastpost_id` int(11) unsigned NOT NULL default '0',
  PRIMARY KEY  (`forum_id`),
  KEY `category_id` (`category_id`)
) ENGINE=InnoDB DEFAULT CHARSET=utf8 COLLATE=utf8_unicode_ci ;

--
-- Dumping data for table `engine4_forum_forums`
--

INSERT INTO `engine4_forum_forums` (`forum_id`, `category_id`, `title`, `description`, `creation_date`, `modified_date`, `order`, `topic_count`, `post_count`, `lastpost_id`) VALUES
(1, 1, 'News and Announcements', '', '2010-02-01 14:59:01', '2010-02-01 14:59:01', 1, 0, 0, 0),
(2, 1, 'Support', '', '2010-02-01 15:09:01', '2010-02-01 17:59:01', 2, 0, 0, 0),
(3, 1, 'Suggestions', '', '2010-02-01 15:09:01', '2010-02-01 17:59:01', 3, 0, 0, 0),

(4, 2, 'Off-Topic Discussions', '', '2010-02-01 15:09:01', '2010-02-01 17:59:01', 1, 0, 0, 0),
(5, 2, 'Introduce Yourself', '', '2010-02-01 15:09:01', '2010-02-01 17:59:01', 2, 0, 0, 0);


-- --------------------------------------------------------

--
-- Table structure for table `engine4_forum_listitems`
--

DROP TABLE IF EXISTS `engine4_forum_listitems`;
CREATE TABLE IF NOT EXISTS `engine4_forum_listitems` (
  `listitem_id` int(11) unsigned NOT NULL auto_increment,
  `list_id` int(11) unsigned NOT NULL,
  `child_id` int(11) unsigned NOT NULL,
  PRIMARY KEY  (`listitem_id`, `child_id`),
  KEY `list_id` (`list_id`),
  KEY `child_id` (`child_id`)
) ENGINE=InnoDB DEFAULT CHARSET=utf8 COLLATE utf8_unicode_ci ;

--
-- Dumping data for table `engine4_forum_listitems`
--

INSERT IGNORE INTO `engine4_forum_listitems` (`listitem_id`, `list_id`, `child_id`) VALUES
(1, 1, 1),
(2, 2, 1),
(3, 3, 1),
(4, 4, 1),
(5, 5, 1);


-- --------------------------------------------------------

--
-- Table structure for table `engine4_forum_lists`
--

DROP TABLE IF EXISTS `engine4_forum_lists`;
CREATE TABLE IF NOT EXISTS `engine4_forum_lists` (
  `list_id` int(11) unsigned NOT NULL auto_increment,
  `owner_id` int(11) unsigned NOT NULL,
  `child_count` int(11) unsigned NOT NULL default '0',
  PRIMARY KEY  (`list_id`),
  KEY `owner_id` (`owner_id`)
) ENGINE=InnoDB DEFAULT CHARSET=utf8 COLLATE utf8_unicode_ci ;

--
-- Dumping data for table `engine4_forum_lists`
--

INSERT IGNORE INTO `engine4_forum_lists` (`list_id`, `owner_id`, `child_count`) VALUES
(1, 1, 1),
(2, 2, 1),
(3, 3, 1),
(4, 4, 1),
(5, 5, 1);


-- --------------------------------------------------------

--
-- Table structure for table `engine4_forum_membership`
--

DROP TABLE IF EXISTS `engine4_forum_membership`;
CREATE TABLE IF NOT EXISTS `engine4_forum_membership` (
  `resource_id` int(11) unsigned NOT NULL,
  `user_id` int(11) unsigned NOT NULL,
  `active` tinyint(1) NOT NULL default '0',
  `resource_approved` tinyint(1) NOT NULL default '0',
  `moderator` tinyint(1) NOT NULL default '0',
  PRIMARY KEY(`resource_id`, `user_id`)
) ENGINE=InnoDB DEFAULT CHARSET=utf8 COLLATE utf8_unicode_ci ;


-- --------------------------------------------------------

--
-- Table structure for table `engine4_forum_posts`
--

DROP TABLE IF EXISTS `engine4_forum_posts`;
CREATE TABLE IF NOT EXISTS `engine4_forum_posts` (
  `post_id` int(11) unsigned NOT NULL auto_increment,
  `topic_id` int(11) unsigned NOT NULL,
  `user_id` int(11) unsigned NOT NULL,
  `body` text NOT NULL,
  `creation_date` datetime NOT NULL,
  `modified_date` datetime NOT NULL,
  `file_id` int(11) unsigned NOT NULL default '0',
  `edit_id` int(11) unsigned NOT NULL default '0',
  PRIMARY KEY  (`post_id`),
  KEY `topic_id` (`topic_id`),
  KEY `user_id` (`user_id`)
) ENGINE=InnoDB DEFAULT CHARSET=utf8 COLLATE=utf8_unicode_ci ;


-- --------------------------------------------------------

--
-- Table structure for table `engine4_forum_signatures`
--

DROP TABLE IF EXISTS `engine4_forum_signatures`;
CREATE TABLE IF NOT EXISTS `engine4_forum_signatures` (
  `signature_id` int(11) unsigned NOT NULL auto_increment,
  `user_id` int(11) unsigned NOT NULL,
  `body` text NOT NULL,
  `creation_date` datetime NOT NULL,
  `modified_date` datetime NOT NULL,
  `post_count` int(11) unsigned NOT NULL default '0',
  PRIMARY KEY  (`signature_id`),
  UNIQUE KEY `user_id` (`user_id`)
) ENGINE=InnoDB DEFAULT CHARSET=utf8 COLLATE=utf8_unicode_ci ;


-- --------------------------------------------------------

--
-- Table structure for table `engine4_forum_topics`
--

DROP TABLE IF EXISTS `engine4_forum_topics`;
CREATE TABLE IF NOT EXISTS `engine4_forum_topics` (
  `topic_id` int(11) unsigned NOT NULL auto_increment,
  `forum_id` int(11) unsigned NOT NULL,
  `user_id` int(11) unsigned NOT NULL,
  `title` varchar(64) NOT NULL,
  `description` varchar(255) NOT NULL,
  `creation_date` datetime NOT NULL,
  `modified_date` datetime NOT NULL,
  `sticky` tinyint(4) NOT NULL default '0',
  `closed` tinyint(4) NOT NULL default '0',
  `post_count` int(11) unsigned NOT NULL default '0',
  `view_count` int(11) unsigned NOT NULL default '0',
  PRIMARY KEY  (`topic_id`),
  KEY `forum_id` (`forum_id`),
  KEY `user_id` (`user_id`)
) ENGINE=InnoDB DEFAULT CHARSET=utf8 COLLATE=utf8_unicode_ci;


-- --------------------------------------------------------

--
-- Table structure for table `engine4_forum_topicviews`
--

CREATE TABLE IF NOT EXISTS `engine4_forum_topicviews` (
  `user_id` int(11) unsigned NOT NULL,
  `topic_id` int(11) unsigned NOT NULL,
  `last_view_date` datetime NOT NULL,
  PRIMARY KEY(`user_id`, `topic_id`)
) ENGINE=InnoDB DEFAULT CHARSET=utf8 COLLATE=utf8_unicode_ci;


-- --------------------------------------------------------

--
-- Dumping data for table `engine4_core_menuitems`
--

INSERT IGNORE INTO `engine4_core_menuitems` (`name`, `module`, `label`, `plugin`, `params`, `menu`, `submenu`, `order`) VALUES
('core_main_forum', 'forum', 'Forum', '', '{"route":"default","module":"forum"}', 'core_main', '', 5),
('core_sitemap_forum', 'forum', 'Forum', '', '{"route":"default","module":"forum"}', 'core_sitemap', '', 5),

('core_admin_main_plugins_forum', 'forum', 'Forums', '', '{"route":"admin_default","module":"forum","controller":"settings"}', 'core_admin_main_plugins', '', 999),

('forum_admin_main_manage', 'forum', 'Manage Forums', '', '{"route":"admin_default","module":"forum","controller":"manage"}', 'forum_admin_main', '', 1),
('forum_admin_main_settings', 'forum', 'Global Settings', '', '{"route":"admin_default","module":"forum","controller":"settings"}', 'forum_admin_main', '', 2),
('forum_admin_main_level', 'forum', 'Member Level Settings', '', '{"route":"admin_default","module":"forum","controller":"level"}', 'forum_admin_main', '', 3)
;


-- --------------------------------------------------------

--
-- Dumping data for table `engine4_core_modules`
--

INSERT IGNORE INTO `engine4_core_modules` (`name`, `title`, `description`, `version`, `enabled`, `type`) VALUES
('forum', 'Forums', 'Forums', '4.0.0', 1, 'extra');


-- --------------------------------------------------------

--
-- Dumping data for table `engine4_core_settings`
--

INSERT IGNORE INTO `engine4_core_settings` VALUES 
('forum.public', 1),
('forum.topic.pagelength', 25),
('forum.forum.pagelength', 25),
('forum.html', 1),
('forum.bbcode', 1);


-- --------------------------------------------------------

--
-- Dumping data for table `engine4_authorization_allow`
--

INSERT INTO `engine4_authorization_allow` (`resource_type`, `resource_id`, `action`, `role`, `role_id`, `value`, `params`) VALUES
('forum', 1, 'moderate', 'forum_list', 1, 1, NULL),
('forum', 2, 'moderate', 'forum_list', 1, 1, NULL),
('forum', 3, 'moderate', 'forum_list', 1, 1, NULL),
('forum', 4, 'moderate', 'forum_list', 1, 1, NULL),
('forum', 5, 'moderate', 'forum_list', 1, 1, NULL);


-- --------------------------------------------------------

--
-- Dumping data for table `engine4_authorization_permissions`
--

INSERT IGNORE INTO `engine4_authorization_permissions` VALUES
(1, 'forum', 'view', 2, NULL),
(1, 'forum', 'commentHtml', 3, 'strong, b, em, i, u, strike, sub, sup, p, div, pre, address, h1, h2, h3, h4, h5, h6, span, ol, li, ul, a, img, embed, br, hr'),
(1, 'forum', 'moderate', 2, NULL),
(1, 'forum', 'create', 2, NULL),

(2, 'forum', 'view', 2, NULL),
(2, 'forum', 'commentHtml', 3, 'strong, b, em, i, u, strike, sub, sup, p, div, pre, address, h1, h2, h3, h4, h5, h6, span, ol, li, ul, a, img, embed, br, hr'),
(2, 'forum', 'moderate', 2, NULL),
(2, 'forum', 'create', 2, NULL),

(3, 'forum', 'view', 2, NULL),
(3, 'forum', 'commentHtml', 3, 'strong, b, em, i, u, strike, sub, sup, p, div, pre, address, h1, h2, h3, h4, h5, h6, span, ol, li, ul, a, img, embed, br, hr'),
(3, 'forum', 'moderate', 1, NULL),
(3, 'forum', 'create', 2, NULL),

(4, 'forum', 'view', 1, NULL),
(4, 'forum', 'commentHtml', 3, 'strong, b, em, i, u, strike, sub, sup, p, div, pre, address, h1, h2, h3, h4, h5, h6, span, ol, li, ul, a, img, embed, br, hr'),
(4, 'forum', 'moderate', 1, NULL),
(4, 'forum', 'create', 1, NULL),

(5, 'forum', 'view', 1, NULL),
(5, 'forum', 'commentHtml', 3, 'strong, b, em, i, u, strike, sub, sup, p, div, pre, address, h1, h2, h3, h4, h5, h6, span, ol, li, ul, a, img, embed, br, hr'),
(5, 'forum', 'moderate', 0, NULL),
(5, 'forum', 'create', 0, NULL)
;


-- -----------------------------------------------------------------------------
-- -------------- END: application/modules/Forum/settings/my.sql ---------------
-- -----------------------------------------------------------------------------



-- -----------------------------------------------------------------------------
-- ------------- START: application/modules/Group/settings/my.sql --------------
-- -----------------------------------------------------------------------------


/**
 * SocialEngine
 *
 * @category   Application_Extensions
 * @package    Group
 * @copyright  Copyright 2006-2010 Webligo Developments
 * @license    http://www.socialengine.net/license/
 * @version    ID my.sql 6804 2010-07-21 05:00:19Z john IDEND
 * @author		 John
 */


-- --------------------------------------------------------

--
-- Table structure for table `engine4_group_albums`
--

DROP TABLE IF EXISTS `engine4_group_albums` ;
CREATE TABLE `engine4_group_albums` (
  `album_id` int(11) unsigned NOT NULL auto_increment,
  `group_id` int(11) unsigned NOT NULL,

  `title` varchar(128) NOT NULL,
  `description` varchar(255) NOT NULL,
  `creation_date` datetime NOT NULL,
  `modified_date` datetime NOT NULL,
  `search` tinyint(1) NOT NULL default '1',
  `photo_id` int(11) unsigned NOT NULL default '0',
  `view_count` int(11) unsigned NOT NULL default '0',
  `comment_count` int(11) unsigned NOT NULL default '0',
  `collectible_count` int(11) unsigned NOT NULL default '0',
   PRIMARY KEY (`album_id`),
   KEY `group_id` (`group_id`)
) ENGINE=InnoDB DEFAULT CHARSET=utf8 COLLATE utf8_unicode_ci ;


-- --------------------------------------------------------

--
-- Table structure for table `engine4_group_categories`
--

DROP TABLE IF EXISTS `engine4_group_categories` ;
CREATE TABLE IF NOT EXISTS `engine4_group_categories` (
  `category_id` int(11) unsigned NOT NULL auto_increment,
  `title` varchar(64) NOT NULL,
  PRIMARY KEY  (`category_id`)
) ENGINE=InnoDB DEFAULT CHARSET=utf8 COLLATE utf8_unicode_ci ;

--
-- Dumping data for table `engine4_group_categories`
--

INSERT IGNORE INTO `engine4_group_categories` (`title`) VALUES
('Animals'),
('Business & Finance'),
('Computers & Internet'),
('Cultures & Community'),
('Dating & Relationships'),
('Entertainment & Arts'),
('Family & Home'),
('Games'),
('Government & Politics'),
('Health & Wellness'),
('Hobbies & Crafts'),
('Music'),
('Recreation & Sports'),
('Regional'),
('Religion & Beliefs'),
('Schools & Education'),
('Science')
;


-- --------------------------------------------------------

--
-- Table structure for table `engine4_group_listitems`
--

DROP TABLE IF EXISTS `engine4_group_listitems`;
CREATE TABLE IF NOT EXISTS `engine4_group_listitems` (
  `listitem_id` int(11) unsigned NOT NULL auto_increment,
  `list_id` int(11) unsigned NOT NULL,
  `child_id` int(11) unsigned NOT NULL,
  PRIMARY KEY  (`listitem_id`),
  KEY `list_id` (`list_id`),
  KEY `child_id` (`child_id`)
) ENGINE=InnoDB DEFAULT CHARSET=utf8 COLLATE utf8_unicode_ci ;


-- --------------------------------------------------------

--
-- Table structure for table `engine4_group_lists`
--

DROP TABLE IF EXISTS `engine4_group_lists`;
CREATE TABLE IF NOT EXISTS `engine4_group_lists` (
  `list_id` int(11) unsigned NOT NULL auto_increment,
  `title` varchar(64) NOT NULL default '',
  `owner_id` int(11) unsigned NOT NULL,
  `child_count` int(11) unsigned NOT NULL default '0',
  PRIMARY KEY  (`list_id`),
  KEY `owner_id` (`owner_id`)
) ENGINE=InnoDB DEFAULT CHARSET=utf8 COLLATE utf8_unicode_ci ;


-- --------------------------------------------------------

--
-- Table structure for table `engine4_group_groups`
--

DROP TABLE IF EXISTS `engine4_group_groups`;
CREATE TABLE IF NOT EXISTS `engine4_group_groups` (
  `group_id` int(11) unsigned NOT NULL auto_increment,
  `user_id` int(11) unsigned NOT NULL,
  
  `title` varchar(64) NOT NULL,
  `description` text NOT NULL,
  `category_id` int(11) unsigned NOT NULL default '0',
  `search` tinyint(1) NOT NULL default '1',
  `invite` tinyint(1) NOT NULL default '1',
  `approval` tinyint(1) NOT NULL default '0',
  `photo_id` int(11) unsigned NOT NULL default '0',
  `creation_date` datetime NOT NULL,
  `modified_date` datetime NOT NULL,
  `member_count` smallint(6) unsigned NOT NULL,
  `view_count` int(11) unsigned NOT NULL default '0',
  PRIMARY KEY  (`group_id`),
  KEY `user_id` (`user_id`),
  KEY `search` (`search`)
) ENGINE=InnoDB DEFAULT CHARSET=utf8 COLLATE utf8_unicode_ci ;


-- --------------------------------------------------------

--
-- Table structure for table `engine4_group_membership`
--

DROP TABLE IF EXISTS `engine4_group_membership`;
CREATE TABLE IF NOT EXISTS `engine4_group_membership` (
  `resource_id` int(11) unsigned NOT NULL,
  `user_id` int(11) unsigned NOT NULL,
  `active` tinyint(1) NOT NULL default '0',
  `resource_approved` tinyint(1) NOT NULL default '0',
  `user_approved` tinyint(1) NOT NULL default '0',
  `message` text NULL,
  `title` text NULL,
  PRIMARY KEY  (`resource_id`, `user_id`),
  KEY `REVERSE` (`user_id`)
) ENGINE=InnoDB DEFAULT CHARSET=utf8 COLLATE utf8_unicode_ci ;


-- --------------------------------------------------------

--
-- Table structure for table `engine4_group_photos`
--

DROP TABLE IF EXISTS `engine4_group_photos`;
CREATE TABLE `engine4_group_photos` (
  `photo_id` int(11) unsigned NOT NULL auto_increment,
  `album_id` int(11) unsigned NOT NULL,
  `group_id` int(11) unsigned NOT NULL,
  `user_id` int(11) unsigned NOT NULL,

  `title` varchar(128) NOT NULL,
  `description` varchar(255) NOT NULL,
  `collection_id` int(11) unsigned NOT NULL,
  `file_id` int(11) unsigned NOT NULL,
  `creation_date` datetime NOT NULL,
  `modified_date` datetime NOT NULL,
  `view_count` int(11) unsigned NOT NULL default '0',
  `comment_count` int(11) unsigned NOT NULL default '0',
  PRIMARY KEY (`photo_id`),
  KEY `album_id` (`album_id`),
  KEY `group_id` (`group_id`),
  KEY `user_id` (`user_id`)
) ENGINE=InnoDB DEFAULT CHARSET=utf8 COLLATE utf8_unicode_ci ;


-- --------------------------------------------------------

--
-- Table structure for table `engine4_group_posts`
--

DROP TABLE IF EXISTS `engine4_group_posts`;
CREATE TABLE IF NOT EXISTS `engine4_group_posts` (
  `post_id` int(11) unsigned NOT NULL auto_increment,
  `topic_id` int(11) unsigned NOT NULL,
  `group_id` int(11) unsigned NOT NULL,
  `user_id` int(11) unsigned NOT NULL,
  
  `body` text NOT NULL,
  `creation_date` datetime NOT NULL,
  `modified_date` datetime NOT NULL,
  PRIMARY KEY  (`post_id`),
  KEY `topic_id` (`topic_id`),
  KEY `group_id` (`group_id`),
  KEY `user_id` (`user_id`)
) ENGINE=InnoDB DEFAULT CHARSET=utf8 COLLATE utf8_unicode_ci ;


-- --------------------------------------------------------

--
-- Table structure for table `engine4_group_topics`
--

DROP TABLE IF EXISTS `engine4_group_topics`;
CREATE TABLE IF NOT EXISTS `engine4_group_topics` (
  `topic_id` int(11) unsigned NOT NULL auto_increment,
  `group_id` int(11) unsigned NOT NULL,
  `user_id` int(11) unsigned NOT NULL,
  
  `title` varchar(64) NOT NULL,
  `creation_date` datetime NOT NULL,
  `modified_date` datetime NOT NULL,
  `sticky` tinyint(1) NOT NULL default '0',
  `closed` tinyint(1) NOT NULL default '0',
  `post_count` int(11) unsigned NOT NULL default '0',
  `view_count` int(11) unsigned NOT NULL default '0',
  `lastpost_id` int(11) unsigned NOT NULL,
  `lastposter_id` int(11) unsigned NOT NULL,
  PRIMARY KEY  (`topic_id`),
  KEY `group_id` (`group_id`),
  KEY `user_id` (`user_id`)
) ENGINE=InnoDB DEFAULT CHARSET=utf8 COLLATE utf8_unicode_ci ;


-- --------------------------------------------------------

--
-- Dumping data for table `engine4_core_menuitems`
--

INSERT IGNORE INTO `engine4_core_menuitems` (`name`, `module`, `label`, `plugin`, `params`, `menu`, `submenu`, `order`) VALUES
('core_main_group', 'group', 'Groups', '', '{"route":"group_general"}', 'core_main', '', 6),

('core_sitemap_group', 'group', 'Groups', '', '{"route":"group_general"}', 'core_sitemap', '', 6),

('group_main_browse', 'group', 'Browse Groups', '', '{"route":"group_general","action":"browse"}', 'group_main', '', 1),
('group_main_manage', 'group', 'My Groups', 'Group_Plugin_Menus', '{"route":"group_general","action":"manage"}', 'group_main', '', 2),
('group_main_create', 'group', 'Create New Group', 'Group_Plugin_Menus', '{"route":"group_general","action":"create"}', 'group_main', '', 3),

('group_profile_edit', 'group', 'Edit Profile', 'Group_Plugin_Menus', '', 'group_profile', '', 1),
('group_profile_style', 'group', 'Edit Styles', 'Group_Plugin_Menus', '', 'group_profile', '', 2),

('group_profile_member', 'group', 'Member', 'Group_Plugin_Menus', '', 'group_profile', '', 3),
('group_profile_report', 'group', 'Report Group', 'Group_Plugin_Menus', '', 'group_profile', '', 4),
('group_profile_share', 'group', 'Share', 'Group_Plugin_Menus', '', 'group_profile', '', 5),
('group_profile_invite', 'group', 'Invite', 'Group_Plugin_Menus', '', 'group_profile', '', 6),
('group_profile_message', 'group', 'Message Members', 'Group_Plugin_Menus', '', 'group_profile', '', 7),

('core_admin_main_plugins_group', 'group', 'Groups', '', '{"route":"admin_default","module":"group","controller":"manage"}', 'core_admin_main_plugins', '', 999),

('group_admin_main_manage', 'group', 'Manage Groups', '', '{"route":"admin_default","module":"group","controller":"manage"}', 'group_admin_main', '', 1),
('group_admin_main_level', 'group', 'Member Level Settings', '', '{"route":"admin_default","module":"group","controller":"level"}', 'group_admin_main', '', 2),
('group_admin_main_categories', 'group', 'Categories', '', '{"route":"admin_default","module":"group","controller":"settings","action":"categories"}', 'group_admin_main', '', 3)
;


-- --------------------------------------------------------

--
-- Dumping data for table `engine4_core_modules`
--

INSERT INTO `engine4_core_modules` (`name`, `title`, `description`, `version`, `enabled`, `type`) VALUES
('group', 'Groups', 'Groups', '4.0.0', 1, 'extra');


-- --------------------------------------------------------

--
-- Dumping data for table `engine4_activity_actiontypes`
--

INSERT IGNORE INTO `engine4_activity_actiontypes` (`type`, `module`, `body`, `enabled`, `displayable`, `attachable`, `commentable`, `shareable`, `is_generated`) VALUES
('group_create', 'group', '{item:$subject} created a new group:', 1, 5, 1, 1, 1, 1),
('group_join', 'group', '{item:$subject} joined the group {item:$object}', 1, 3, 1, 1, 1, 1),
('group_promote', 'group', '{item:$subject} has been made an officer for the group {item:$object}', 1, 3, 1, 1, 1, 1),
('group_topic_create', 'group', '{item:$subject} posted a {item:$object:topic} in the group {itemParent:$object:group}: {body:$body}', 1, 3, 1, 1, 1, 1),
('group_topic_reply', 'group', '{item:$subject} replied to a {item:$object:topic} in the group {itemParent:$object:group}: {body:$body}', 1, 3, 1, 1, 1, 1),
('group_photo_upload', 'group', '{item:$subject} added {var:$count} photo(s).', 1, 3, 2, 1, 1, 1)
;

-- --------------------------------------------------------

--
-- Dumping data for table `engine4_activity_notificationtypes`
--

INSERT IGNORE INTO `engine4_activity_notificationtypes` (`type`, `module`, `body`, `is_request`, `handler`) VALUES
('group_discussion_response', 'group', '{item:$subject} has {item:$object:posted} on a {itemParent:$object::group topic} you created.', 0, ''),
('group_discussion_reply', 'group', '{item:$subject} has {item:$object:posted} on a {itemParent:$object::group topic} you posted on.', 0, ''),
('group_invite', 'group', '{item:$subject} has invited you to the group {item:$object}.', 1, 'group.widget.request-group'),
('group_approve', 'group', '{item:$object} has requested to join the group {item:$subject}.', 0, ''),
('group_accepted', 'group', 'Your request to join the group {item:$subject} has been approved.', 0, ''),
('group_promote', 'group', 'You were promoted to officer in the group {item:$object}.', 0, '')
;


-- --------------------------------------------------------

--
-- Dumping data for table `engine4_authorization_permissions`
--

INSERT IGNORE INTO `engine4_authorization_permissions` (`level_id`, `type`, `name`, `value`, `params`) VALUES
(1, 'group', 'create', 1, NULL),
(1, 'group', 'delete', 2, NULL),
(1, 'group', 'edit', 2, NULL),
(1, 'group', 'auth_view', 5,'["everyone", "registered","member", "officer", "owner"]'),
(1, 'group', 'auth_comment', 5,'["registered", "member", "officer","owner"]'),
(1, 'group', 'auth_photo', 5,'["registered", "member","officer", "owner"]'),

(1, 'group', 'view', 2, NULL),
(1, 'group', 'comment', 2, NULL),
(1, 'group', 'photo', 2, NULL),

(2, 'group', 'create', 1, NULL),
(2, 'group', 'delete', 2, NULL),
(2, 'group', 'edit', 2, NULL),
(2, 'group', 'view', 2, NULL),
(2, 'group', 'comment', 2, NULL),
(2, 'group', 'auth_view', 5,'["everyone", "registered","member", "officer", "owner"]'),
(2, 'group', 'auth_comment', 5,'["registered", "member", "officer","owner"]'),
(2, 'group', 'auth_photo', 5,'["registered", "member","officer", "owner"]'),

(2, 'group', 'view', 2, NULL),
(2, 'group', 'comment', 2, NULL),
(2, 'group', 'photo', 2, NULL),
(3, 'group', 'create', 1, NULL),
(3, 'group', 'delete', 2, NULL),
(3, 'group', 'edit', 2, NULL),
(3, 'group', 'view', 2, NULL),
(3, 'group', 'comment', 2, NULL),
(3, 'group', 'auth_view', 5,'["everyone", "registered","member", "officer", "owner"]'),
(3, 'group', 'auth_comment', 5,'["registered", "member", "officer","owner"]'),
(3, 'group', 'auth_photo', 5,'["registered", "member","officer", "owner"]'),

(4, 'group', 'create', 1, NULL),
(4, 'group', 'delete', 1, NULL),
(4, 'group', 'edit', 1, NULL),
(4, 'group', 'view', 1, NULL),
(4, 'group', 'comment', 1, NULL),
(4, 'group', 'auth_view', 5,'["everyone", "registered","member", "officer", "owner"]'),
(4, 'group', 'auth_comment', 5,'["registered", "member", "officer","owner"]'),
(4, 'group', 'auth_photo', 5,'["registered", member","officer", "owner"]'),
(4, 'group', 'photo', 1, NULL),

(5, 'group', 'view', 1, NULL);


-- -----------------------------------------------------------------------------
-- -------------- END: application/modules/Group/settings/my.sql ---------------
-- -----------------------------------------------------------------------------



-- -----------------------------------------------------------------------------
-- ----------- START: application/modules/HelloWorld/settings/my.sql -----------
-- -----------------------------------------------------------------------------


/**
 * SocialEngine
 *
 * @category   Application_Extensions
 * @package    HelloWorld
 * @copyright  Copyright 2006-2010 Webligo Developments
 * @license    http://www.socialengine.net/license/
 * @version    ID my.sql 6590 2010-06-25 19:40:21Z john IDEND
 * @author     John
 */


-- --------------------------------------------------------

--
-- Table structure for table `engine4_helloworld_helloworlds`
--

DROP TABLE IF EXISTS `engine4_helloworld_helloworlds`;
CREATE TABLE IF NOT EXISTS `engine4_helloworld_helloworlds` (
  `helloworld_id` int(11) NOT NULL auto_increment,
  `user_id` int(11) NOT NULL,
  `body` text NOT NULL,
  `photo_id` int(11) NOT NULL default '0',
  `creation_date` datetime NOT NULL,
  PRIMARY KEY  (`helloworld_id`),
  KEY `user_id` (`user_id`)
) ENGINE=InnoDB DEFAULT CHARSET=utf8 COLLATE utf8_unicode_ci ;


-- --------------------------------------------------------

--
-- Dumping data for table `engine4_core_menuitems`
--

INSERT IGNORE INTO `engine4_core_menuitems` (`name`, `module`, `label`, `plugin`, `params`, `menu`, `submenu`, `order`) VALUES
('core_main_hello_world', 'hello-world', 'Hello World', '', '{"route":"default","module":"hello-world"}', 'core_main', '', 9),
('core_admin_main_plugins_hello_world', 'hello-world', 'Hello World', '', '{"route":"admin_default","module":"hello-world","controller":"settings"}', 'core_admin_main_plugins', '', 999);


-- --------------------------------------------------------

--
-- Dumping data for table `engine4_core_modules`
--

INSERT IGNORE INTO `engine4_core_modules` (`name`, `title`, `description`, `version`, `enabled`, `type`) VALUES
('hello-world', 'Hello World', 'Hello World; the skeleton module', '4.0.0', 0, 'extra');




-- -----------------------------------------------------------------------------
-- ------------ END: application/modules/HelloWorld/settings/my.sql ------------
-- -----------------------------------------------------------------------------



-- -----------------------------------------------------------------------------
-- ------------- START: application/modules/Invite/settings/my.sql -------------
-- -----------------------------------------------------------------------------


/**
 * SocialEngine
 *
 * @category   Application_Core
 * @package    Invite
 * @copyright  Copyright 2006-2010 Webligo Developments
 * @license    http://www.socialengine.net/license/
 * @version    ID my.sql 6590 2010-06-25 19:40:21Z john IDEND
 * @author     John
 */


-- --------------------------------------------------------

--
-- Table structure for table `engine4_invites`
--

DROP TABLE IF EXISTS `engine4_invites`;
CREATE TABLE IF NOT EXISTS `engine4_invites` (
  `id` int(10) unsigned NOT NULL auto_increment,
  `user_id` int(11) unsigned NOT NULL,
  `recipient` varchar(255) NOT NULL,
  `code` varchar(255) CHARACTER SET latin1 COLLATE latin1_general_ci NOT NULL,
  `timestamp` datetime NOT NULL,
  `message` text NOT NULL,
  `new_user_id` int(11) unsigned NOT NULL default '0',
  PRIMARY KEY  (`id`),
  UNIQUE KEY `code` (`code`),
  KEY `user_id` (`user_id`),
  KEY `recipient` (`recipient`)
) ENGINE=InnoDB DEFAULT CHARSET=utf8 COLLATE utf8_unicode_ci ;


-- --------------------------------------------------------

--
-- Dumping data for table `engine4_core_modules`
--

INSERT IGNORE INTO `engine4_core_modules` (`name`, `title`, `description`, `version`, `enabled`, `type`) VALUES
('invite', 'Invites', 'Invites', '4.0.0', 1, 'standard');


-- --------------------------------------------------------

--
-- Dumping data for table `engine4_core_settings`
--

INSERT IGNORE INTO `engine4_core_settings` (`name`, `value`) VALUES
('invite.allowCustomMessage', '1'),
('invite.fromEmail', ''),
('invite.fromName', ''),
('invite.message', 'You are being invited to join our social network.'),
('invite.subject', 'Join Us')
;


-- -----------------------------------------------------------------------------
-- -------------- END: application/modules/Invite/settings/my.sql --------------
-- -----------------------------------------------------------------------------



-- -----------------------------------------------------------------------------
-- ------------ START: application/modules/Messages/settings/my.sql ------------
-- -----------------------------------------------------------------------------


/**
 * SocialEngine
 *
 * @category   Application_Core
 * @package    Messages
 * @copyright  Copyright 2006-2010 Webligo Developments
 * @license    http://www.socialengine.net/license/
 * @version    ID my.sql 6519 2010-06-23 01:41:45Z shaun IDEND
 * @author     John
 */


-- --------------------------------------------------------

--
-- Table structure for table `engine4_messages_conversations`
--

DROP TABLE IF EXISTS `engine4_messages_conversations`;
CREATE TABLE `engine4_messages_conversations` (
  `conversation_id` int(11) unsigned NOT NULL auto_increment,
  `recipients` int(11) unsigned NOT NULL,
  `modified` datetime NOT NULL,
  `locked` tinyint(1) NOT NULL default '0',
  PRIMARY KEY  (`conversation_id`)
) ENGINE=InnoDB DEFAULT CHARSET=utf8 COLLATE utf8_unicode_ci ;


-- --------------------------------------------------------

--
-- Table structure for table `engine4_messages_messages`
--

DROP TABLE IF EXISTS `engine4_messages_messages`;
CREATE TABLE `engine4_messages_messages` (
  `message_id` int(11) unsigned NOT NULL auto_increment,
  `conversation_id` int(11) unsigned NOT NULL,
  `user_id` int(11) unsigned NOT NULL,
  `title` varchar(255) NOT NULL,
  `body` text NOT NULL,
  `date` datetime NOT NULL,
  `attachment_type` varchar(24) CHARACTER SET latin1 COLLATE latin1_general_ci default '',
  `attachment_id` int(11) unsigned NOT NULL default '0',
  PRIMARY KEY  (`message_id`),
  UNIQUE KEY `CONVERSATIONS` (`conversation_id`,`message_id`)
) ENGINE=InnoDB DEFAULT CHARSET=utf8 COLLATE utf8_unicode_ci ;


-- --------------------------------------------------------

--
-- Table structure for table `engine4_messages_recipients`
--

DROP TABLE IF EXISTS `engine4_messages_recipients`;
CREATE TABLE `engine4_messages_recipients` (
  `user_id` int(11) unsigned NOT NULL,
  `conversation_id` int(11) unsigned NOT NULL,
  `inbox_message_id` int(11) unsigned default NULL,
  `inbox_updated` datetime default NULL,
  `inbox_read` tinyint(1) default NULL,
  `inbox_deleted` tinyint(1) default NULL,
  `outbox_message_id` int(11) unsigned default NULL,
  `outbox_updated` datetime default NULL,
  `outbox_deleted` tinyint(1) default NULL,
  PRIMARY KEY  (`user_id`,`conversation_id`),
  KEY `INBOX_UPDATED` (`user_id`,`conversation_id`,`inbox_updated`),
  KEY `OUTBOX_UPDATED` (`user_id`,`conversation_id`,`outbox_updated`)
) ENGINE=InnoDB DEFAULT CHARSET=utf8 COLLATE utf8_unicode_ci ;


-- --------------------------------------------------------

--
-- Dumping data for table `engine4_core_menuitems`
--

INSERT IGNORE INTO `engine4_core_menuitems` (`name`, `module`, `label`, `plugin`, `params`, `menu`, `submenu`, `order`) VALUES
('core_mini_messages', 'messages', 'Messages', 'Messages_Plugin_Menus', '', 'core_mini', '', 4),
('user_profile_message', 'messages', 'Send Message', 'Messages_Plugin_Menus', '', 'user_profile', '', 3),
('core_admin_levels_messages', 'messages', 'Messages', '', '{"route":"admin_default","module":"messages","controller":"admin-settings","action":"level"}', 'core_admin_levels', '', 3)
;


-- --------------------------------------------------------

--
-- Dumping data for table `engine4_core_modules`
--

INSERT IGNORE INTO `engine4_core_modules` (`name`, `title`, `description`, `version`, `enabled`, `type`) VALUES
('messages', 'Messages', 'Messages', '4.0.0', 1, 'standard');


-- --------------------------------------------------------

--
-- Dumping data for table `engine4_activity_notificationtypes`
--

INSERT IGNORE INTO `engine4_activity_notificationtypes` (`type`, `module`, `body`, `is_request`, `handler`) VALUES
('message_new', 'messages', '{item:$subject} has sent you a {item:$object:message}.', 0, '')
;


-- --------------------------------------------------------

--
-- Dumping data for table `engine4_authorization_permissions`
--

INSERT INTO `engine4_authorization_permissions` (`level_id`, `type`, `name`, `value`, `params`) VALUES
(1, 'messages', 'create', 1, NULL),

(2, 'messages', 'create', 1, NULL),

(3, 'messages', 'create', 1, NULL),

(4, 'messages', 'create', 1, NULL),

(5, 'messages', 'create', 0, NULL);

-- -----------------------------------------------------------------------------
-- ------------- END: application/modules/Messages/settings/my.sql -------------
-- -----------------------------------------------------------------------------



-- -----------------------------------------------------------------------------
-- ------------- START: application/modules/Music/settings/my.sql --------------
-- -----------------------------------------------------------------------------


/**
 * SocialEngine
 *
 * @category   Application_Extensions
 * @package    Music
 * @copyright  Copyright 2006-2010 Webligo Developments
 * @license    http://www.socialengine.net/license/
 * @version    ID my.sql 6521 2010-06-23 01:48:34Z shaun IDEND
 * @author     Steve
 */


-- --------------------------------------------------------

--
-- Table structure for table `engine4_music_playlists`
--

DROP TABLE IF EXISTS `engine4_music_playlists`;
CREATE TABLE IF NOT EXISTS `engine4_music_playlists` (
  `playlist_id` int(11) unsigned NOT NULL AUTO_INCREMENT,
  `title` varchar(63) NOT NULL default '',
  `description` text NOT NULL,
  `photo_id` int(11) unsigned NOT NULL default '0',
  `owner_type` varchar(24) CHARACTER SET latin1 COLLATE latin1_general_ci NOT NULL,
  `owner_id` int(11) unsigned NOT NULL,
  `search` tinyint(1) NOT NULL default '1',
  `profile` tinyint(1) NOT NULL default '0',
  `composer` tinyint(1) NOT NULL default '0',
  `creation_date` datetime NOT NULL,
  `modified_date` datetime NOT NULL,
  `play_count` int(11) unsigned NOT NULL default '0',
  PRIMARY KEY (`playlist_id`),
  KEY `creation_date` (`creation_date`),
  KEY `play_count` (`play_count`),
  KEY `owner_id` (`owner_type`,`owner_id`)
) ENGINE=InnoDB DEFAULT CHARSET=utf8 COLLATE=utf8_unicode_ci;


-- --------------------------------------------------------

--
-- Table structure for table `engine4_music_playlist_songs`
--

DROP TABLE IF EXISTS `engine4_music_playlist_songs`;
CREATE TABLE IF NOT EXISTS `engine4_music_playlist_songs` (
  `song_id` int(11) unsigned NOT NULL AUTO_INCREMENT,
  `playlist_id` int(11) unsigned NOT NULL,
  `file_id` int(11) unsigned NOT NULL,
  `title` varchar(60) COLLATE utf8_unicode_ci NOT NULL,
  `play_count` int(11) unsigned NOT NULL default '0',
  `order` smallint(6) NOT NULL default '0',
  PRIMARY KEY (`song_id`),
  KEY (`playlist_id`,`file_id`),
  KEY `play_count` (`play_count`)
) ENGINE=InnoDB DEFAULT CHARSET=utf8 COLLATE=utf8_unicode_ci;


-- --------------------------------------------------------

--
-- Dumping data for table `engine4_core_menuitems`
--

INSERT IGNORE INTO `engine4_core_menuitems` (`name`, `module`, `label`, `plugin`, `params`, `menu`, `submenu`, `order`) VALUES
('core_main_music', 'music', 'Music', '', '{"route":"default","module":"music"}', 'core_main', '', 100),
('core_sitemap_music', 'music', 'Music', '', '{"route":"default","module":"music"}', 'core_sitemap', '', 100),

('core_admin_main_plugins_music', 'music', 'Music', '', '{"route":"admin_default","module":"music","controller":"settings"}', 'core_admin_main_plugins', '', 999),

('music_admin_main_manage', 'music', 'Manage Music', '', '{"route":"admin_default","module":"music","controller":"manage"}', 'music_admin_main', '', 1),
('music_admin_main_settings', 'music', 'Global Settings', '', '{"route":"admin_default","module":"music","controller":"settings"}', 'music_admin_main', '', 2),
('music_admin_main_level', 'music', 'Member Level Settings', '', '{"route":"admin_default","module":"music","controller":"level"}', 'music_admin_main', '', 3)
;


-- --------------------------------------------------------

--
-- Dumping data for table `engine4_core_modules`
--

INSERT INTO `engine4_core_modules` (`name`, `title`, `description`, `version`, `enabled`, `type`) VALUES
('music', 'Music', 'Music', '4.0.0', 1, 'extra');


-- --------------------------------------------------------

--
-- Dumping data for table `engine4_authorization_permissions`
--

INSERT IGNORE INTO `engine4_authorization_permissions` (`level_id`, `type`, `name`, `value`, `params`) VALUES
(1, 'music_playlist', 'auth_comment', 5, '["everyone","owner_network","owner_member_member","owner_member","owner"]'),
(1, 'music_playlist', 'auth_view', 5, '["everyone","owner_network","owner_member_member","owner_member","owner"]'),
(1, 'music_playlist', 'comment', 2, NULL),
(1, 'music_playlist', 'create', 1, NULL),
(1, 'music_playlist', 'delete', 2, NULL),
(1, 'music_playlist', 'edit', 2, NULL),
(1, 'music_playlist', 'max_filesize', 1, '10000'),
(1, 'music_playlist', 'max_songs', 1, '30'),
(1, 'music_playlist', 'max_storage', 1, '100000'),
(1, 'music_playlist', 'view', 2, NULL),

(2, 'music_playlist', 'auth_comment', 5, '["everyone","owner_network","owner_member_member","owner_member","owner"]'),
(2, 'music_playlist', 'auth_view', 5, '["everyone","owner_network","owner_member_member","owner_member","owner"]'),
(2, 'music_playlist', 'comment', 2, NULL),
(2, 'music_playlist', 'create', 1, NULL),
(2, 'music_playlist', 'delete', 2, NULL),
(2, 'music_playlist', 'edit', 2, NULL),
(2, 'music_playlist', 'max_filesize', 1, '10000'),
(2, 'music_playlist', 'max_songs', 1, '30'),
(2, 'music_playlist', 'max_storage', 1, '100000'),
(2, 'music_playlist', 'view', 2, NULL),

(3, 'music_playlist', 'auth_comment', 5, '["everyone","owner_network","owner_member_member","owner_member","owner"]'),
(3, 'music_playlist', 'auth_view', 5, '["everyone","owner_network","owner_member_member","owner_member","owner"]'),
(3, 'music_playlist', 'comment', 2, NULL),
(3, 'music_playlist', 'create', 1, NULL),
(3, 'music_playlist', 'delete', 2, NULL),
(3, 'music_playlist', 'edit', 2, NULL),
(3, 'music_playlist', 'max_filesize', 1, '10000'),
(3, 'music_playlist', 'max_songs', 1, '30'),
(3, 'music_playlist', 'max_storage', 1, '100000'),
(3, 'music_playlist', 'view', 2, NULL),

(4, 'music_playlist', 'auth_comment', 5, '["everyone","owner_network","owner_member_member","owner_member","owner"]'),
(4, 'music_playlist', 'auth_view', 5, '["everyone","owner_network","owner_member_member","owner_member","owner"]'),
(4, 'music_playlist', 'comment', 1, NULL),
(4, 'music_playlist', 'create', 1, NULL),
(4, 'music_playlist', 'delete', 1, NULL),
(4, 'music_playlist', 'edit', 1, NULL),
(4, 'music_playlist', 'max_filesize', 1, '10000'),
(4, 'music_playlist', 'max_songs', 1, '30'),
(4, 'music_playlist', 'max_storage', 1, '100000'),
(4, 'music_playlist', 'view', 1, NULL),

(5, 'music_playlist', 'auth_comment', 3, '[]'),
(5, 'music_playlist', 'auth_view', 3, '[]'),
(5, 'music_playlist', 'create', 0, NULL),
(5, 'music_playlist', 'max_filesize', 1, '10000'),
(5, 'music_playlist', 'max_songs', 1, '30'),
(5, 'music_playlist', 'max_storage', 1, '100000'),
(5, 'music_playlist', 'view', 1, NULL);


-- --------------------------------------------------------

--
-- Dumping data for table `engine4_activity_actiontypes`
--

INSERT IGNORE INTO `engine4_activity_actiontypes` (`type`, `module`, `body`, `enabled`, `displayable`, `attachable`, `commentable`, `shareable`, `is_generated`) VALUES
('music_playlist_new', 'music', '{item:$subject} created a new playlist: {item:$object}', '1', '5', '1', '3', '1', 1),
('comment_playlist',   'music', '{item:$subject} commented on {item:$owner}''s {item:$object:music_playlist}.', 1, 1, 1, 1, 1, 1);



-- -----------------------------------------------------------------------------
-- -------------- END: application/modules/Music/settings/my.sql ---------------
-- -----------------------------------------------------------------------------



-- -----------------------------------------------------------------------------
-- ------------ START: application/modules/Network/settings/my.sql -------------
-- -----------------------------------------------------------------------------


/**
 * SocialEngine
 *
 * @category   Application_Core
 * @package    Network
 * @copyright  Copyright 2006-2010 Webligo Developments
 * @license    http://www.socialengine.net/license/
 * @version    ID my.sql 6590 2010-06-25 19:40:21Z john IDEND
 * @author     John
 */


-- --------------------------------------------------------

--
-- Table structure for table `engine4_network_networks`
--

DROP TABLE IF EXISTS `engine4_network_networks`;
CREATE TABLE `engine4_network_networks` (
  `network_id` int(11) unsigned NOT NULL AUTO_INCREMENT,
  `title` varchar(255) NOT NULL,
  `description` varchar(255) NOT NULL,
  `field_id` int(11) unsigned NOT NULL default '0',
  `pattern` text NULL,
  `member_count` int(11) unsigned NOT NULL default '0',
  `hide` tinyint(1) NOT NULL default '0',
  `assignment` tinyint(1) NOT NULL default '0',
  PRIMARY KEY  (`network_id`),
  KEY `assignment` (`assignment`)
) ENGINE=InnoDB DEFAULT CHARSET=utf8 COLLATE utf8_unicode_ci ;

--
-- Dumping data for table `engine4_network_networks`
--

INSERT IGNORE INTO `engine4_network_networks` (`title`, `field_id`, `pattern`, `assignment`) VALUES
('North America', 0, NULL, 0),
('South America', 0, NULL, 0),
('Europe', 0, NULL, 0),
('Asia', 0, NULL, 0),
('Africa', 0, NULL, 0),
('Australia', 0, NULL, 0),
('Antarctica', 0, NULL, 0)
;


-- --------------------------------------------------------

--
-- Table structure for table `engine4_network_membership`
--

DROP TABLE IF EXISTS `engine4_network_membership`;
CREATE TABLE `engine4_network_membership` (
  `resource_id` int(11) unsigned NOT NULL,
  `user_id` int(11) unsigned NOT NULL,
  `active` tinyint(1) NOT NULL default '0',
  `resource_approved` tinyint(1) NOT NULL default '0',
  `user_approved` tinyint(1) NOT NULL default '0',
  PRIMARY KEY (`resource_id`, `user_id`)
) ENGINE=InnoDB DEFAULT CHARSET=utf8 COLLATE utf8_unicode_ci ;


-- --------------------------------------------------------

--
-- Dumping data for table `engine4_core_menuitems`
--

INSERT IGNORE INTO `engine4_core_menuitems` (`name`, `module`, `label`, `plugin`, `params`, `menu`, `submenu`, `order`) VALUES
('user_settings_network', 'network', 'Networks', '', '{"route":"user_extended", "module":"user", "controller":"settings", "action":"network"}', 'user_settings', '', 3)
;


-- --------------------------------------------------------

--
-- Dumping data for table `engine4_core_modules`
--

INSERT INTO `engine4_core_modules` (`name`, `title`, `description`, `version`, `enabled`, `type`) VALUES
('network', 'Networks', 'Networks', '4.0.0', 1, 'standard');


-- --------------------------------------------------------

--
-- Dumping data for table `engine4_activity_actiontypes`
--

INSERT IGNORE INTO `engine4_activity_actiontypes` (`type`, `module`, `body`, `enabled`, `displayable`, `attachable`, `commentable`, `shareable`, `is_generated`) VALUES
('network_join', 'network', '{item:$subject} joined the network {item:$object}', 1, 3, 1, 1, 1, 1)
;


-- -----------------------------------------------------------------------------
-- ------------- END: application/modules/Network/settings/my.sql --------------
-- -----------------------------------------------------------------------------



-- -----------------------------------------------------------------------------
-- -------------- START: application/modules/Poll/settings/my.sql --------------
-- -----------------------------------------------------------------------------


/**
 * SocialEngine
 *
 * @category   Application_Extensions
 * @package    Poll
 * @copyright  Copyright 2006-2010 Webligo Developments
 * @license    http://www.socialengine.net/license/
 * @version    ID my.sql 6804 2010-07-21 05:00:19Z john IDEND
 * @author     John
 */


-- --------------------------------------------------------

--
-- Table structure for table `engine4_poll_polls`
--

DROP TABLE IF EXISTS `engine4_poll_polls`;
CREATE TABLE IF NOT EXISTS `engine4_poll_polls` (
  `poll_id` int(11) unsigned NOT NULL auto_increment,
  `user_id` int(11) unsigned NOT NULL,
  `is_closed` tinyint(1) NOT NULL default '0',
  `title` varchar(255) NOT NULL,
  `description` text NOT NULL,
  `creation_date` datetime NOT NULL,
  `views` int(11) unsigned NOT NULL default '0',
  `comment_count` int(11) unsigned NOT NULL default '0',
  `vote_count` int(11) unsigned NOT NULL default '0',
  `search` tinyint(1) NOT NULL default '1',
  PRIMARY KEY  (`poll_id`),
  KEY `user_id` (`user_id`),
  KEY `is_closed` (`is_closed`),
  KEY `creation_date` (`creation_date`)
) ENGINE=InnoDB DEFAULT CHARSET=utf8 COLLATE utf8_unicode_ci ;


-- --------------------------------------------------------

--
-- Table structure for table `engine4_poll_options`
--

DROP TABLE IF EXISTS `engine4_poll_options`;
CREATE TABLE IF NOT EXISTS `engine4_poll_options` (
  `poll_option_id` int(11) unsigned NOT NULL auto_increment,
  `poll_id` int(11) unsigned NOT NULL,
  `poll_option` text NOT NULL,
  `votes` smallint(4) unsigned NOT NULL,
  PRIMARY KEY  (`poll_option_id`),
  KEY `poll_id` (`poll_id`)
) ENGINE=InnoDB DEFAULT CHARSET=utf8 COLLATE utf8_unicode_ci ;


-- --------------------------------------------------------

--
-- Table structure for table `engine4_poll_votes`
--

DROP TABLE IF EXISTS `engine4_poll_votes`;
CREATE TABLE IF NOT EXISTS `engine4_poll_votes` (
  `poll_id` int(11) unsigned NOT NULL,
  `user_id` int(11) unsigned NOT NULL,
  `poll_option_id` int(11) unsigned NOT NULL,
  `creation_date` datetime NOT NULL,
  `modified_date` datetime NOT NULL,
  PRIMARY KEY (`poll_id`,`user_id`),
  KEY `poll_option_id` (`poll_option_id`),
  KEY `user_id` (`user_id`)
) ENGINE=InnoDB DEFAULT CHARSET=utf8 COLLATE utf8_unicode_ci ;


-- --------------------------------------------------------

--
-- Dumping data for table `engine4_core_menuitems`
--

INSERT IGNORE INTO `engine4_core_menuitems` (`name`, `module`, `label`, `plugin`, `params`, `menu`, `submenu`, `order`) VALUES
('core_main_poll', 'poll', 'Polls', '', '{"route":"poll_browse"}', 'core_main', '', 5),
('core_sitemap_poll', 'poll', 'Polls', '', '{"route":"poll_browse"}', 'core_sitemap', '', 5),
('core_admin_main_plugins_poll', 'poll', 'Polls', '', '{"route":"admin_default","module":"poll","controller":"settings"}', 'core_admin_main_plugins', '', 999),

('poll_admin_main_manage', 'poll', 'Manage Polls', '', '{"route":"admin_default","module":"poll","controller":"manage"}', 'poll_admin_main', '', 1),
('poll_admin_main_settings', 'poll', 'Global Settings', '', '{"route":"admin_default","module":"poll","controller":"settings"}', 'poll_admin_main', '', 2),
('poll_admin_main_level', 'poll', 'Member Level Settings', '', '{"route":"admin_default","module":"poll","controller":"settings","action":"level"}', 'poll_admin_main', '', 3)
;


-- --------------------------------------------------------

--
-- Dumping data for table `engine4_core_modules`
--

INSERT INTO `engine4_core_modules` (`name`, `title`, `description`, `version`, `enabled`, `type`) VALUES
('poll', 'Polls', 'Polls', '4.0.0', 1, 'extra');


-- --------------------------------------------------------

--
-- Dumping data for table `engine4_core_settings`
--

INSERT IGNORE INTO `engine4_core_settings` (`name` , `value`) VALUES
('polls.maxOptions', '15'),
('polls.showPieChart', '0'),
('polls.canChangeVote', '1');


-- --------------------------------------------------------

--
-- Dumping data for table `engine4_authorization_permissions`
--

INSERT INTO `engine4_authorization_permissions` (`level_id`, `type`, `name`, `value`, `params`) VALUES
(1, 'poll', 'create', 1, NULL),
(1, 'poll', 'delete', 1, NULL),
(1, 'poll', 'edit', 1, NULL),
(1, 'poll', 'view', 2, NULL),
(1, 'poll', 'comment', 1, NULL),
(1, 'poll', 'auth_comment', 5, '["everyone","owner_network","owner_member_member","owner_member","owner"]'),
(1, 'poll', 'auth_view', 5, '["everyone","owner_network","owner_member_member","owner_member","owner"]'),

(2, 'poll', 'create', 1, NULL),
(2, 'poll', 'delete', 1, NULL),
(2, 'poll', 'edit', 1, NULL),
(2, 'poll', 'view', 1, NULL),
(2, 'poll', 'comment', 1, NULL),
(2, 'poll', 'auth_comment', 5, '["everyone","owner_network","owner_member_member","owner_member","owner"]'),
(2, 'poll', 'auth_view', 5, '["everyone","owner_network","owner_member_member","owner_member","owner"]'),

(3, 'poll', 'create', 1, NULL),
(3, 'poll', 'delete', 1, NULL),
(3, 'poll', 'edit', 1, NULL),
(3, 'poll', 'view', 1, NULL),
(3, 'poll', 'comment', 1, NULL),
(3, 'poll', 'auth_comment', 5, '["everyone","owner_network","owner_member_member","owner_member","owner"]'),
(3, 'poll', 'auth_view', 5, '["everyone","owner_network","owner_member_member","owner_member","owner"]'),

(4, 'poll', 'create', 1, NULL),
(4, 'poll', 'delete', 1, NULL),
(4, 'poll', 'edit', 1, NULL),
(4, 'poll', 'view', 1, NULL),
(4, 'poll', 'comment', 1, NULL),
(4, 'poll', 'auth_comment', 5, '["everyone","owner_network","owner_member_member","owner_member","owner"]'),
(4, 'poll', 'auth_view', 5, '["everyone","owner_network","owner_member_member","owner_member","owner"]'),

(5, 'poll', 'view', 1, NULL),
(5, 'poll', 'auth_comment', 5, '["everyone","owner_network","owner_member_member","owner_member","owner"]'),
(5, 'poll', 'auth_view', 5, '["everyone","owner_network","owner_member_member","owner_member","owner"]');



-- --------------------------------------------------------

--
-- Dumping data for table `engine4_activity_actiontypes`
--

INSERT IGNORE INTO `engine4_activity_actiontypes` (`type`, `module`,  `body`,  `enabled`,  `displayable`,  `attachable`,  `commentable`,  `shareable`, `is_generated`) VALUES
('poll_new', 'poll', '{item:$subject} created a new poll:', '1', '5', '1', '3', '1', 1),
('comment_poll', 'poll', '{item:$subject} commented on {item:$owner}''s {item:$object:poll}.', 1, 1, 1, 1, 1, 1);


-- -----------------------------------------------------------------------------
-- --------------- END: application/modules/Poll/settings/my.sql ---------------
-- -----------------------------------------------------------------------------



-- -----------------------------------------------------------------------------
-- ------------ START: application/modules/Storage/settings/my.sql -------------
-- -----------------------------------------------------------------------------


/**
 * SocialEngine
 *
 * @category   Application_Core
 * @package    Storage
 * @copyright  Copyright 2006-2010 Webligo Developments
 * @license    http://www.socialengine.net/license/
 * @version    ID my.sql 6590 2010-06-25 19:40:21Z john IDEND
 * @author     John
 */


-- --------------------------------------------------------

--
-- Table structure for table `engine4_storage_chunks`
--

DROP TABLE IF EXISTS `engine4_storage_chunks`;
CREATE TABLE IF NOT EXISTS `engine4_storage_chunks` (
  `chunk_id` bigint(20) unsigned NOT NULL auto_increment,
  `file_id` int(11) unsigned NOT NULL,
  `data` blob NOT NULL,
  PRIMARY KEY  (`chunk_id`),
  KEY `file_id` (`file_id`)
) ENGINE=MyISAM;


-- --------------------------------------------------------

--
-- Table structure for table `engine4_storage_files`
--

DROP TABLE IF EXISTS `engine4_storage_files`;
CREATE TABLE `engine4_storage_files` (
  `file_id` int(11) unsigned NOT NULL auto_increment,
  `parent_file_id` int(11) unsigned NULL,
  `type` varchar(16) CHARACTER SET latin1 COLLATE latin1_general_ci NULL,

  `parent_type` varchar(32) CHARACTER SET latin1 COLLATE latin1_general_ci NOT NULL,
  `parent_id` int(11) unsigned default NULL,
  `user_id` int(11) unsigned default NULL,
  `creation_date` datetime NOT NULL,
  `modified_date` datetime NOT NULL,
  
  `storage_type` varchar(32) NOT NULL,
  `storage_path` varchar(255) NOT NULL,
  `extension` varchar(8) NOT NULL,
  `name` varchar(255) default NULL,
  `mime_major` varchar(64) NOT NULL,
  `mime_minor` varchar(64) NOT NULL,
  `size` bigint(20) unsigned NOT NULL,
  `hash` varchar(64) CHARACTER SET latin1 COLLATE latin1_general_ci NOT NULL,

  PRIMARY KEY  (`file_id`),
  UNIQUE KEY  (`parent_file_id`,`type`),
  KEY `PARENT` (`parent_type`,`parent_id`),
  KEY `user_id` (`user_id`)
) ENGINE=InnoDB DEFAULT CHARSET=utf8 COLLATE utf8_unicode_ci ;


-- --------------------------------------------------------

--
-- Dumping data for table `engine4_core_modules`
--

INSERT INTO `engine4_core_modules` (`name`, `title`, `description`, `version`, `enabled`, `type`) VALUES
('storage', 'Storage', 'Storage', '4.0.0', 1, 'core');



-- -----------------------------------------------------------------------------
-- ------------- END: application/modules/Storage/settings/my.sql --------------
-- -----------------------------------------------------------------------------



-- -----------------------------------------------------------------------------
-- -------------- START: application/modules/User/settings/my.sql --------------
-- -----------------------------------------------------------------------------


/**
 * SocialEngine
 *
 * @category   Application_Core
 * @package    User
 * @copyright  Copyright 2006-2010 Webligo Developments
 * @license    http://www.socialengine.net/license/
 * @version    ID my.sql 6626 2010-06-29 02:19:32Z jung IDEND
 * @author     John
 */


-- --------------------------------------------------------

--
-- Table structure for table `engine4_users`
--

DROP TABLE IF EXISTS `engine4_users`;
CREATE TABLE `engine4_users` (
  `user_id` int(11) unsigned NOT NULL auto_increment,
  `email` varchar(128) NOT NULL,
  `username` varchar(128) NOT NULL,
  `displayname` varchar(128) NOT NULL default '',
  `photo_id` int(11) unsigned NOT NULL default '0',
  `status` text NULL,
  `status_date` datetime NULL,
  `password` char(32) CHARACTER SET latin1 COLLATE latin1_general_ci NOT NULL,
  `salt` char(64) CHARACTER SET latin1 COLLATE latin1_general_ci NOT NULL,
  `locale` varchar(16) CHARACTER SET latin1 COLLATE latin1_general_ci NOT NULL default 'auto',
  `language` varchar(8) CHARACTER SET latin1 COLLATE latin1_general_ci NOT NULL default 'en_US',
  `timezone` varchar(64) CHARACTER SET latin1 COLLATE latin1_general_ci NOT NULL default 'America/Los_Angeles',
  `search` tinyint(1) NOT NULL default '1',
  `show_profileviewers` tinyint(1) NOT NULL default '1',
  `level_id` int(11) unsigned NOT NULL,
  `invites_used` int(11) unsigned NOT NULL default '0',
  `extra_invites` int(11) unsigned NOT NULL DEFAULT '0',
  `enabled` tinyint(1) NOT NULL default '1',   
  `verified` tinyint(1) NOT NULL default '0',
  `creation_date` datetime NOT NULL,
  `creation_ip` bigint(11) NOT NULL,
  `modified_date` datetime NOT NULL,
  `lastlogin_date` datetime default NULL,
  `lastlogin_ip` int(11) default NULL,
  `update_date` int(11) default NULL,
  `member_count` smallint(5) unsigned NOT NULL default '0',
  `view_count` int(11) unsigned NOT NULL default '0',
  PRIMARY KEY  (`user_id`),
  UNIQUE KEY `EMAIL` (`email`),
  UNIQUE KEY `USERNAME` (`username`),
  KEY `MEMBER_COUNT` (`member_count`),
  KEY `CREATION_DATE` (`creation_date`),
  KEY `search` (`search`),
  KEY `enabled` (`enabled`)
) ENGINE=InnoDB DEFAULT CHARSET=utf8 COLLATE utf8_unicode_ci ;


-- --------------------------------------------------------

--
-- Table structure for table `engine4_user_block`
--

DROP TABLE IF EXISTS `engine4_user_block`;
CREATE TABLE IF NOT EXISTS `engine4_user_block` (
  `user_id` int(11) unsigned NOT NULL,
  `blocked_user_id` int(11) unsigned NOT NULL,
  PRIMARY KEY  (`user_id`,`blocked_user_id`),
  KEY `REVERSE` (`blocked_user_id`)
) ENGINE=InnoDB DEFAULT CHARSET=utf8 COLLATE utf8_unicode_ci ;


-- --------------------------------------------------------

--
-- Table structure for table `engine4_user_facebook`
--

DROP TABLE IF EXISTS `engine4_user_facebook`;
CREATE TABLE IF NOT EXISTS `engine4_user_facebook` (
  `user_id` int(11) unsigned NOT NULL,
  `facebook_uid` bigint(20) unsigned NOT NULL,
  PRIMARY KEY  (`user_id`),
  UNIQUE KEY `facebook_uid` (`facebook_uid`)
) ENGINE=InnoDB DEFAULT CHARSET=utf8 COLLATE=utf8_unicode_ci;


-- --------------------------------------------------------

--
-- Table structure for table `engine4_user_forgot`
--

DROP TABLE IF EXISTS `engine4_user_forgot`;
CREATE TABLE IF NOT EXISTS `engine4_user_forgot` (
  `user_id` int(11) unsigned NOT NULL,
  `code` varchar(64) CHARACTER SET latin1 COLLATE latin1_general_ci NOT NULL,
  `creation_date` datetime NOT NULL,
  PRIMARY KEY  (`user_id`),
  KEY `code` (`code`)
) ENGINE=InnoDB DEFAULT CHARSET=utf8 COLLATE=utf8_unicode_ci;


-- --------------------------------------------------------

--
-- Table structure for table `engine4_user_listitems`
--

DROP TABLE IF EXISTS `engine4_user_listitems`;
CREATE TABLE IF NOT EXISTS `engine4_user_listitems` (
  `listitem_id` int(11) unsigned NOT NULL auto_increment,
  `list_id` int(11) unsigned NOT NULL,
  `child_id` int(11) unsigned NOT NULL,
  PRIMARY KEY  (`listitem_id`),
  KEY `list_id` (`list_id`),
  KEY `child_id` (`child_id`)
) ENGINE=InnoDB DEFAULT CHARSET=utf8 COLLATE utf8_unicode_ci ;


-- --------------------------------------------------------

--
-- Table structure for table `engine4_user_lists`
--

DROP TABLE IF EXISTS `engine4_user_lists`;
CREATE TABLE IF NOT EXISTS `engine4_user_lists` (
  `list_id` int(11) unsigned NOT NULL auto_increment,
  `title` varchar(64) NOT NULL default '',
  `owner_id` int(11) unsigned NOT NULL,
  `child_count` int(11) unsigned NOT NULL default '0',
  PRIMARY KEY  (`list_id`),
  KEY `owner_id` (`owner_id`)
) ENGINE=InnoDB DEFAULT CHARSET=utf8 COLLATE utf8_unicode_ci ;


-- --------------------------------------------------------

--
-- Table structure for table `engine4_user_membership`
--

DROP TABLE IF EXISTS `engine4_user_membership`;
CREATE TABLE `engine4_user_membership` (
  `resource_id` int(11) unsigned NOT NULL,
  `user_id` int(11) unsigned NOT NULL,
  `active` tinyint(1) NOT NULL default '0',
  `resource_approved` tinyint(1) NOT NULL default '0',
  `user_approved` tinyint(1) NOT NULL default '0',
  `message` text default NULL,
  `description` text default NULL,
  PRIMARY KEY  (`resource_id`, `user_id`),
  KEY `REVERSE` (`user_id`)
) ENGINE=InnoDB DEFAULT CHARSET=utf8 COLLATE=utf8_unicode_ci;


-- --------------------------------------------------------

--
-- Table structure for table `engine4_user_online`
--

DROP TABLE IF EXISTS `engine4_user_online`;
CREATE TABLE IF NOT EXISTS `engine4_user_online` (
  `ip` bigint(11) NOT NULL,
  `user_id` int(11) unsigned NOT NULL default '0',
  `active` datetime NOT NULL,
  PRIMARY KEY  (`ip`,`user_id`),
  KEY `LOOKUP` (`active`)
) ENGINE=MEMORY DEFAULT CHARSET=latin1;


-- --------------------------------------------------------

--
-- Table structure for table `engine4_user_verify`
--

DROP TABLE IF EXISTS `engine4_user_verify`;
CREATE TABLE IF NOT EXISTS `engine4_user_verify` (
  `user_id` int(11) unsigned NOT NULL,
  `code` varchar(64) CHARACTER SET latin1 COLLATE latin1_general_ci NOT NULL,
  `date` datetime NOT NULL,
  PRIMARY KEY (`user_id`),
  KEY `code` (`code`)
) ENGINE=InnoDB DEFAULT CHARSET=utf8 COLLATE=utf8_unicode_ci;


-- --------------------------------------------------------

--
-- Table structure for table `engine4_user_signup`
--

DROP TABLE IF EXISTS `engine4_user_signup`;
CREATE TABLE IF NOT EXISTS `engine4_user_signup` (
  `signup_id` int(11) unsigned NOT NULL auto_increment,
  `class` varchar(128) CHARACTER SET latin1 COLLATE latin1_general_ci NOT NULL,
  `order` smallint(6) NOT NULL default '999',
  `enable` smallint(1) NOT NULL default '0',
  PRIMARY KEY  (`signup_id`)
) ENGINE=InnoDB DEFAULT CHARSET=utf8 COLLATE utf8_unicode_ci ;

--
-- Dumping data for table `engine4_user_signup`
--

INSERT INTO `engine4_user_signup` (`signup_id`, `class`, `order`, `enable`) VALUES
(1, 'User_Plugin_Signup_Account', 1, 1),
(2, 'User_Plugin_Signup_Fields', 2, 1),
(3, 'User_Plugin_Signup_Photo', 3, 1),
(4, 'User_Plugin_Signup_Invite', 4, 0);


-- --------------------------------------------------------

--
-- Dumping data for table `engine4_core_menuitems`
--

INSERT IGNORE INTO `engine4_core_menuitems` (`name`, `module`, `label`, `plugin`, `params`, `menu`, `submenu`, `order`) VALUES
('core_main_user', 'user', 'Members', '', '{"route":"user_general","action":"browse"}', 'core_main', '', 2),

('core_sitemap_user', 'user', 'Members', '', '{"route":"user_general","action":"browse"}', 'core_sitemap', '', 2),

('user_home_updates', 'user', 'View Recent Updates', '', '{"route":"recent_activity","icon":"application/modules/User/externals/images/links/updates.png"}', 'user_home', '', 1),
('user_home_view', 'user', 'View My Profile', 'User_Plugin_Menus', '{"route":"user_profile_self","icon":"application/modules/User/externals/images/links/profile.png"}', 'user_home', '', 2),
('user_home_edit', 'user', 'Edit My Profile', 'User_Plugin_Menus', '{"route":"user_extended","module":"user","controller":"edit","action":"profile","icon":"application/modules/User/externals/images/links/edit.png"}', 'user_home', '', 3),
('user_home_friends', 'user', 'Browse Members', '', '{"route":"user_general","controller":"index","action":"browse","icon":"application/modules/User/externals/images/links/search.png"}', 'user_home', '', 4),

('user_profile_edit', 'user', 'Edit Profile', 'User_Plugin_Menus', '', 'user_profile', '', 1),
('user_profile_friend', 'user', 'Friends', 'User_Plugin_Menus', '', 'user_profile', '', 2),
('user_profile_block', 'user', 'Block', 'User_Plugin_Menus', '', 'user_profile', '', 4),
('user_profile_report', 'user', 'Report User', 'User_Plugin_Menus', '', 'user_profile', '', 5),

('user_edit_profile', 'user', 'Personal Info', '', '{"route":"user_extended","module":"user","controller":"edit","action":"profile"}', 'user_edit', '', 1),
('user_edit_photo', 'user', 'Edit My Photo', '', '{"route":"user_extended","module":"user","controller":"edit","action":"photo"}', 'user_edit', '', 2),
('user_edit_style', 'user', 'Profile Style', '', '{"route":"user_extended","module":"user","controller":"edit","action":"style"}', 'user_edit', '', 3),

('user_settings_general', 'user', 'General', '', '{"route":"user_extended","module":"user","controller":"settings","action":"general"}', 'user_settings', '', 1),
('user_settings_privacy', 'user', 'Privacy', '', '{"route":"user_extended","module":"user","controller":"settings","action":"privacy"}', 'user_settings', '', 2),
('user_settings_password', 'user', 'Change Password', '', '{"route":"user_extended", "module":"user", "controller":"settings", "action":"password"}', 'user_settings', '', 4),
('user_settings_delete', 'user', 'Delete Account', '', '{"route":"user_extended", "module":"user", "controller":"settings", "action":"delete"}', 'user_settings', '', 5),

('core_admin_main_manage_members', 'user', 'Members', '', '{"route":"admin_default","module":"user","controller":"manage"}', 'core_admin_main_manage', '', 1),
('core_admin_main_signup', 'user', 'Signup Process', '', '{"route":"admin_default", "controller":"signup", "module":"user"}', 'core_admin_main_settings', '', 3),
('core_admin_main_facebook', 'user', 'Facebook Integration', '', '{"route":"admin_default", "action":"facebook", "controller":"settings", "module":"user"}', 'core_admin_main_settings', '', 4),
('core_admin_main_settings_friends', 'user', 'Friendship Settings', '', '{"route":"admin_default","module":"user","controller":"settings","action":"friends"}', 'core_admin_main_settings', '', 6);


-- --------------------------------------------------------

--
-- Dumping data for table `engine4_core_modules`
--

INSERT INTO `engine4_core_modules` (`name`, `title`, `description`, `version`, `enabled`, `type`) VALUES
('user', 'Users', 'Users', '4.0.0', 1, 'core');


-- --------------------------------------------------------

--
-- Dumping data for table `engine4_core_settings`
--

INSERT IGNORE INTO `engine4_core_settings` (`name`, `value`) VALUES
('user.friends.eligible', '2'),
('user.friends.direction', '1'),
('user.friends.verification', '1'),
('user.friends.lists', '1'),
('user.signup.approve', 1),
('user.signup.checkemail', 1),
('user.signup.inviteonly', 0),
('user.signup.random', 0),
('user.signup.terms', 1),
('user.signup.verifyemail', 0),
('core.facebook.enable', 'none');


-- --------------------------------------------------------

--
-- Dumping data for table `engine4_core_tasks`
--

INSERT IGNORE INTO `engine4_core_tasks` (`title`, `plugin`, `timeout`, `enabled`, `system`) VALUES
('Member Data Maintenance', 'User_Plugin_Task_Cleanup', 60, 1, 1);


-- --------------------------------------------------------

--
-- Dumping data for table `engine4_activity_actiontypes`
--

INSERT IGNORE INTO `engine4_activity_actiontypes` (`type`, `module`, `body`, `enabled`, `displayable`, `attachable`, `commentable`, `shareable`, `is_generated`) VALUES
('status', 'user', '{item:$subject} {body:$body}', 1, 5, 0, 1, 4, 0),
('post', 'user', '{actors:$subject:$object}: {body:$body}', 1, 7, 1, 1, 1, 0),
('post_self', 'user', '{item:$subject} {body:$body}', 1, 5, 1, 1, 1, 0),

('profile_photo_update', 'user', '{item:$subject} has added a new profile photo.', 1, 5, 1, 1, 1, 1),
('friends', 'user', '{item:$subject} is now friends with {item:$object}.', 1, 3, 0, 1, 1, 1),
('friends_follow', 'user', '{item:$subject} is now following {item:$object}.', 1, 3, 0, 1, 1, 1),
('login', 'user', '{item:$subject} has signed in.', 0, 1, 0, 1, 1, 1),
('logout', 'user', '{item:$subject} has signed out.', 0, 1, 0, 1, 1, 1),
('signup', 'user', '{item:$subject} has just signed up. Say hello!', 1, 5, 0, 1, 1, 1),
('tagged', 'user', '{item:$subject} tagged {item:$object} in a {var:$label}:', 1, 7, 1, 1, 0, 1)
;


-- --------------------------------------------------------

--
-- Dumping data for table `engine4_activity_notificationtypes`
--

INSERT IGNORE INTO `engine4_activity_notificationtypes` (`type`, `module`, `body`, `is_request`, `handler`) VALUES
('post_user', 'user', '{item:$subject} has posted on your {item:$object:profile}.', 0, ''),
('friend_accepted', 'user', 'You and {item:$subject} are now friends.', 0, ''),
('friend_request', 'user', '{item:$subject} has requested to be your friend.', 1, 'user.friends.request-friend'),
('friend_follow_request', 'user', '{item:$subject} has requested to follow you.', 1, 'user.friends.request-follow'),
('friend_follow_accepted', 'user', 'You are now following {item:$subject}.', 0, ''),
('friend_follow', 'user', '{item:$subject} is now following you.', 0, ''),
('tagged', 'user', '{item:$subject} tagged you in a {item:$object:$label}.', 0, '')
;


-- --------------------------------------------------------

--
-- Dumping data for table `engine4_authorization_permissions`
--

INSERT INTO `engine4_authorization_permissions` (`level_id`, `type`, `name`, `value`, `params`) VALUES
(1, 'user', 'create', 1, NULL),
(1, 'user', 'delete', 2, NULL),
(1, 'user', 'edit', 2, NULL),
(1, 'user', 'view', 2, NULL),
(1, 'user', 'comment', 2, NULL),
(1, 'user', 'auth_comment', 5, '["everyone","registered","network","member","owner"]'),
(1, 'user', 'auth_view', 5, '["everyone","registered","network","member","owner"]'),
(1, 'user', 'block', 1, NULL),
(1, 'user', 'search', 1, NULL),
(1, 'user', 'status', 1, NULL),
(1, 'user', 'username', 1, NULL),

(2, 'user', 'create', 1, NULL),
(2, 'user', 'delete', 2, NULL),
(2, 'user', 'edit', 2, NULL),
(2, 'user', 'view', 2, NULL),
(2, 'user', 'comment', 2, NULL),
(2, 'user', 'auth_comment', 5, '["everyone","registered","network","member","owner"]'),
(2, 'user', 'auth_view', 5, '["everyone","registered","network","member","owner"]'),
(2, 'user', 'block', 1, NULL),
(2, 'user', 'search', 1, NULL),
(2, 'user', 'status', 1, NULL),
(2, 'user', 'username', 1, NULL),

(3, 'user', 'create', 1, NULL),
(3, 'user', 'delete', 2, NULL),
(3, 'user', 'edit', 2, NULL),
(3, 'user', 'view', 2, NULL),
(3, 'user', 'comment', 2, NULL),
(3, 'user', 'auth_comment', 5, '["everyone","registered","network","member","owner"]'),
(3, 'user', 'auth_view', 5, '["everyone","registered","network","member","owner"]'),
(3, 'user', 'block', 1, NULL),
(3, 'user', 'search', 1, NULL),
(3, 'user', 'status', 1, NULL),
(3, 'user', 'username', 1, NULL),

(4, 'user', 'create', 1, NULL),
(4, 'user', 'delete', 1, NULL),
(4, 'user', 'edit', 1, NULL),
(4, 'user', 'view', 1, NULL),
(4, 'user', 'comment', 1, NULL),
(4, 'user', 'auth_comment', 5, '["everyone","registered","network","member","owner"]'),
(4, 'user', 'auth_view', 5, '["everyone","registered","network","member","owner"]'),
(4, 'user', 'block', 1, NULL),
(4, 'user', 'search', 1, NULL),
(4, 'user', 'status', 1, NULL),
(4, 'user', 'username', 1, NULL),

(5, 'user', 'view', 1, NULL);


-- --------------------------------------------------------

--
-- Table structure for table `engine4_user_fields_maps`
--

DROP TABLE IF EXISTS `engine4_user_fields_maps`;
CREATE TABLE `engine4_user_fields_maps` (
  `field_id` int(11) unsigned NOT NULL,
  `option_id` int(11) unsigned NOT NULL,
  `child_id` int(11) unsigned NOT NULL,
  `order` smallint(6) NOT NULL,
  PRIMARY KEY  (`field_id`,`option_id`,`child_id`)
) ENGINE=InnoDB DEFAULT CHARSET=latin1 ;

--
-- Dumping data for table `engine4_user_fields_maps`
--

INSERT IGNORE INTO `engine4_user_fields_maps` (`field_id`, `option_id`, `child_id`, `order`) VALUES
(0, 0, 1, 1),
(1, 1, 2, 2),
(1, 1, 3, 3),
(1, 1, 4, 4),
(1, 1, 5, 5),
(1, 1, 6, 6),
(1, 1, 7, 7),
(1, 1, 8, 8),
(1, 1, 9, 9),
(1, 1, 10, 10),
(1, 1, 11, 11),
(1, 1, 12, 12),
(1, 1, 13, 13)
;

-- --------------------------------------------------------

--
-- Table structure for table `engine4_user_fields_meta`
--

DROP TABLE IF EXISTS `engine4_user_fields_meta`;
CREATE TABLE `engine4_user_fields_meta` (
  `field_id` int(11) unsigned NOT NULL auto_increment,

  `type` varchar(24) CHARACTER SET latin1 COLLATE latin1_general_ci NOT NULL,
  `label` varchar(64) NOT NULL,
  `description` varchar(255) NOT NULL default '',
  `alias` varchar(32) CHARACTER SET latin1 COLLATE latin1_general_ci NOT NULL default '',
  `required` tinyint(1) NOT NULL default '0',
  `display` tinyint(1) unsigned NOT NULL,
  `publish` tinyint(1) unsigned NOT NULL default '0',
  `search` tinyint(1) unsigned NOT NULL default '0',
  `order` smallint(3) unsigned NOT NULL default '999',

  `config` text NULL,
  `validators` text NULL,
  `filters` text NULL,

  `style` text NULL,
  `error` text NULL,

  PRIMARY KEY  (`field_id`)
) ENGINE=InnoDB DEFAULT CHARSET=utf8 COLLATE utf8_unicode_ci ;

--
-- Dumping data for table `engine4_user_fields_fields`
--

INSERT IGNORE INTO `engine4_user_fields_meta` (`field_id`, `type`, `label`, `description`, `alias`, `required`, `config`, `validators`, `filters`, `display`, `search`) VALUES
(1, 'profile_type', 'Profile Type', '', 'profile_type', 1, '', NULL, NULL, 0, 2),
(2, 'heading', 'Personal Information', '', '', 0, '', NULL, NULL, 1, 0),
(3, 'first_name', 'First Name', '', 'first_name', 1, '', '[["StringLength",false,[1,32]]]', NULL, 1, 2),
(4, 'last_name', 'Last Name', '', 'last_name', 1, '', '[["StringLength",false,[1,32]]]', NULL, 1, 2),
(5, 'gender', 'Gender', '', 'gender', 0, '', NULL, NULL, 1, 1),
(6, 'birthdate', 'Birthday', '', 'birthdate', 0, '', NULL, NULL, 1, 1),
(7, 'heading', 'Contact Information', '', '', 0, '', NULL, NULL, 1, 0),
(8, 'website', 'Website', '', '', 0, '', NULL, NULL, 1, 0),
(9, 'twitter', 'Twitter', '', '', 0, '', NULL, NULL, 1, 0),
(10, 'facebook', 'Facebook', '', '', 0, '', NULL, NULL, 1, 0),
(11, 'aim', 'AIM', '', '', 0, '', NULL, NULL, 1, 0),
(12, 'heading', 'Personal Details', '', '', 0, '', NULL, NULL, 1, 0),
(13, 'about_me', 'About Me', '', '', 0, '', NULL, NULL, 1, 0);


-- --------------------------------------------------------

--
-- Table structure for table `engine4_user_fields_options`
--

DROP TABLE IF EXISTS `engine4_user_fields_options`;
CREATE TABLE `engine4_user_fields_options` (
  `option_id` int(11) unsigned NOT NULL auto_increment,
  `field_id` int(11) unsigned NOT NULL,
  `label` varchar(255) NOT NULL,
  `order` smallint(6) NOT NULL default '999',
  PRIMARY KEY  (`option_id`),
  KEY `field_id` (`field_id`)
) ENGINE=InnoDB DEFAULT CHARSET=utf8 COLLATE utf8_unicode_ci ;

--
-- Dumping data for table `engine4_user_fields_options`
--

INSERT IGNORE INTO `engine4_user_fields_options` (`option_id`, `field_id`, `label`, `order`) VALUES
(1, 1, 'Regular Member', 1),
(2, 5, 'Male', 1),
(3, 5, 'Female', 2);


-- --------------------------------------------------------

--
-- Table structure for table `engine4_user_fields_values`
--

DROP TABLE IF EXISTS `engine4_user_fields_values`;
CREATE TABLE `engine4_user_fields_values` (
  `item_id` int(11) unsigned NOT NULL,
  `field_id` int(11) unsigned NOT NULL,
  `index` smallint(3) unsigned NOT NULL default '0',
  `value` text NOT NULL,
  PRIMARY KEY  (`item_id`,`field_id`,`index`)
) ENGINE=InnoDB DEFAULT CHARSET=utf8 COLLATE utf8_unicode_ci ;

--
-- Dumping data for table `engine4_user_fields_values`
--


-- --------------------------------------------------------

--
-- Table structure for table `engine4_user_fields_search`
--

DROP TABLE IF EXISTS `engine4_user_fields_search`;
CREATE TABLE IF NOT EXISTS `engine4_user_fields_search` (
  `item_id` int(11) unsigned NOT NULL,
  `profile_type` smallint(11) unsigned NULL,
  `first_name` varchar(255) NULL,
  `last_name` varchar(255) NULL,
  `gender` smallint(6) unsigned NULL,
  `birthdate` date NULL,
  PRIMARY KEY  (`item_id`),
  KEY (`profile_type`),
  KEY (`first_name`),
  KEY (`last_name`),
  KEY (`gender`),
  KEY (`birthdate`)
) ENGINE=InnoDB DEFAULT CHARSET=utf8 COLLATE utf8_unicode_ci ;


-- -----------------------------------------------------------------------------
-- --------------- END: application/modules/User/settings/my.sql ---------------
-- -----------------------------------------------------------------------------



-- -----------------------------------------------------------------------------
-- ------------- START: application/modules/Video/settings/my.sql --------------
-- -----------------------------------------------------------------------------


/**
 * SocialEngine
 *
 * @category   Application_Extensions
 * @package    Video
 * @copyright  Copyright 2006-2010 Webligo Developments
 * @license    http://www.socialengine.net/license/
 * @version    ID my.sql 6804 2010-07-21 05:00:19Z john IDEND
 * @author		 John
 */

-- --------------------------------------------------------

--
-- Table structure for table `engine4_video_categories`
--

DROP TABLE IF EXISTS `engine4_video_categories`;
CREATE TABLE IF NOT EXISTS `engine4_video_categories` (
  `category_id` int(11) unsigned NOT NULL auto_increment,
  `user_id` int(11) unsigned NOT NULL,
  `category_name` varchar(128) NOT NULL,
  PRIMARY KEY  (`category_id`)
) ENGINE=InnoDB DEFAULT CHARSET=utf8 COLLATE=utf8_unicode_ci ;

--
-- Dumping data for table `engine4_video_categories`
--

INSERT INTO `engine4_video_categories` (`user_id`, `category_name`) VALUES
(0, 'Autos & Vehicles'),
(0, 'Comedy'),
(0, 'Education'),
(0, 'Entertainment'),
(0, 'Film & Animation'),
(0, 'Gaming'),
(0, 'Howto & Style'),
(0, 'Music'),
(0, 'News & Politics'),
(0, 'Nonprofits & Activism'),
(0, 'People & Blogs'),
(0, 'Pets & Animals'),
(0, 'Science & Technology'),
(0, 'Sports'),
(0, 'Travel & Events');


-- --------------------------------------------------------

--
-- Table structure for table `engine4_video_ratings`
--

DROP TABLE IF EXISTS `engine4_video_ratings`;
CREATE TABLE IF NOT EXISTS `engine4_video_ratings` (
  `video_id` int(10) unsigned NOT NULL,
  `user_id` int(9) unsigned NOT NULL,
  `rating` tinyint(1) unsigned default NULL,
  PRIMARY KEY  (`video_id`,`user_id`),
  KEY `INDEX` (`video_id`)
) ENGINE=InnoDB DEFAULT CHARSET=utf8 COLLATE=utf8_unicode_ci ;


-- --------------------------------------------------------

--
-- Table structure for table `engine4_video_videos`
--

DROP TABLE IF EXISTS `engine4_video_videos`;
CREATE TABLE IF NOT EXISTS `engine4_video_videos` (
  `video_id` int(11) unsigned NOT NULL auto_increment,
  `title` varchar(100) NOT NULL,
  `description` text NOT NULL,
  `search` tinyint(1) NOT NULL default '1',
  `owner_type` varchar(128) CHARACTER SET latin1 COLLATE latin1_general_ci NOT NULL,
  `owner_id` int(11) NOT NULL,
  `creation_date` datetime NOT NULL,
  `modified_date` datetime NOT NULL,
  `view_count` int(11) unsigned NOT NULL default '0',
  `comment_count` int(11) unsigned NOT NULL default '0',
  `type` tinyint(1) NOT NULL,
  `code` varchar(150) NOT NULL,
  `photo_id` int(11) unsigned default NULL,
  `rating` float NOT NULL,
  `category_id` int(11) unsigned NOT NULL default '0',
  `status` tinyint(1) NOT NULL,
  `file_id` int(11) unsigned NOT NULL,
  `duration` int(9) unsigned NOT NULL,
  PRIMARY KEY  (`video_id`),
  KEY `owner_id` (`owner_id`,`owner_type`),
  KEY `search` (`search`),
  KEY `creation_date` (`creation_date`),
  KEY `view_count` (`creation_date`)
) ENGINE=InnoDB DEFAULT CHARSET=utf8 COLLATE=utf8_unicode_ci ;


-- --------------------------------------------------------

--
-- Dumping data for table `engine4_core_menuitems`
--

INSERT IGNORE INTO `engine4_core_menuitems` (`name`, `module`, `label`, `plugin`, `params`, `menu`, `submenu`, `order`) VALUES
('core_main_video', 'video', 'Videos', '', '{"route":"video_general"}', 'core_main', '', 7),
('core_sitemap_video', 'video', 'Videos', '', '{"route":"video_general"}', 'core_sitemap', '', 7),
('core_admin_main_plugins_video', 'video', 'Videos', '', '{"route":"admin_default","module":"video","controller":"settings"}', 'core_admin_main_plugins', '', 999),

('video_main_browse', 'video', 'Browse Videos', '', '{"route":"video_general"}', 'video_main', '', 1),
('video_main_manage', 'video', 'My Videos', 'Video_Plugin_Menus', '{"route":"video_general","action":"manage"}', 'video_main', '', 2),
('video_main_create', 'video', 'Post New Video', 'Video_Plugin_Menus', '{"route":"video_general","action":"create"}', 'video_main', '', 3),

('video_admin_main_manage', 'video', 'Manage Videos', '', '{"route":"admin_default","module":"video","controller":"manage"}', 'video_admin_main', '', 1),
('video_admin_main_utility', 'video', 'Video Utilities', '', '{"route":"admin_default","module":"video","controller":"settings","action":"utility"}', 'video_admin_main', '', 2),
('video_admin_main_settings', 'video', 'Global Settings', '', '{"route":"admin_default","module":"video","controller":"settings"}', 'video_admin_main', '', 3),
('video_admin_main_level', 'video', 'Member Level Settings', '', '{"route":"admin_default","module":"video","controller":"settings","action":"level"}', 'video_admin_main', '', 4),
('video_admin_main_categories', 'video', 'Categories', '', '{"route":"admin_default","module":"video","controller":"settings","action":"categories"}', 'video_admin_main', '', 5)
;


-- --------------------------------------------------------

--
-- Dumping data for table `engine4_core_modules`
--

INSERT IGNORE INTO `engine4_core_modules` (`name`, `title`, `description`, `version`, `enabled`, `type`) VALUES
('video', 'Videos', 'Videos', '4.0.0', 1, 'extra');


-- --------------------------------------------------------

--
-- Dumping data for table `engine4_core_settings`
--

INSERT IGNORE INTO `engine4_core_settings` (`name`, `value`) VALUES
('video.ffmpeg.path', '/usr/local/bin/ffmpeg'),
('video.jobs', 2);


-- --------------------------------------------------------

--
-- Dumping data for table `engine4_core_tasks`
--

INSERT IGNORE INTO `engine4_core_tasks` (`title`, `plugin`, `timeout`, `enabled`) VALUES
('Background Video Encoder', 'Video_Plugin_Task_Encode', 300, 1);


-- --------------------------------------------------------

--
-- Dumping data for table `engine4_activity_actiontypes`
--

INSERT IGNORE INTO `engine4_activity_actiontypes` (`type`, `module`,  `body`,  `enabled`,  `displayable`,  `attachable`,  `commentable`,  `shareable`, `is_generated`) VALUES
('video_new', 'video', '{item:$subject} posted a new video:', '1', '5', '1', '3', '1', 0),
('comment_video', 'video', '{item:$subject} commented on {item:$owner}''s {item:$object:video}: {body:$body}', 1, 1, 1, 1, 1, 0);


-- --------------------------------------------------------

--
-- Dumping data for table `engine4_activity_notificationtypes`
--

INSERT IGNORE INTO `engine4_activity_notificationtypes` (`type`, `module`, `body`, `is_request`, `handler`) VALUES
('commented_video', 'video', '{item:$subject} has commented on a {item:$object:video} you commented on.', 0, ''),
('comment_video', 'video', '{item:$subject} has commented on your {item:$object:video}.', 0, ''),
('liked_video', 'video', '{item:$subject} has commented on a {item:$object:video} you liked.', 0, ''),
('like_video', 'video', '{item:$subject} likes your {item:$object:video}.', 0, ''),
('video_processed', 'video', 'Your {item:$object:video} is ready to be viewed.', 0, '');


-- --------------------------------------------------------

--
-- Dumping data for table `engine4_authorization_permissions`
--

INSERT IGNORE INTO `engine4_authorization_permissions` (`level_id`, `type`, `name`, `value`, `params`) VALUES
(1, 'video', 'create', 1, NULL),
(1, 'video', 'delete', 1, NULL),
(1, 'video', 'upload', 1, NULL),
(1, 'video', 'edit', 2, NULL),
(1, 'video', 'view', 2, NULL),
(1, 'video', 'comment', 1, NULL),
(1, 'video', 'max', 3, '20'),
(1, 'video', 'auth_comment', 5, '["everyone","owner_network","owner_member_member","owner_member","owner"]'),
(1, 'video', 'auth_view', 5, '["everyone","owner_network","owner_member_member","owner_member","owner"]'),

(2, 'video', 'create', 1, NULL),
(2, 'video', 'delete', 1, NULL),
(2, 'video', 'upload', 1, NULL),
(2, 'video', 'edit', 2, NULL),
(2, 'video', 'view', 2, NULL),
(2, 'video', 'comment', 1, NULL),
(2, 'video', 'max', 3, '20'),
(2, 'video', 'auth_comment', 5, '["everyone","owner_network","owner_member_member","owner_member","owner"]'),
(2, 'video', 'auth_view', 5, '["everyone","owner_network","owner_member_member","owner_member","owner"]'),

(3, 'video', 'create', 1, NULL),
(3, 'video', 'delete', 1, NULL),
(3, 'video', 'upload', 1, NULL),
(3, 'video', 'edit', 1, NULL),
(3, 'video', 'view', 1, NULL),
(3, 'video', 'comment', 1, NULL),
(3, 'video', 'max', 3, '20'),
(3, 'video', 'auth_comment', 5, '["everyone","owner_network","owner_member_member","owner_member","owner"]'),
(3, 'video', 'auth_view', 5, '["everyone","owner_network","owner_member_member","owner_member","owner"]'),

(4, 'video', 'create', 1, NULL),
(4, 'video', 'delete', 1, NULL),
(4, 'video', 'upload', 1, NULL),
(4, 'video', 'edit', 1, NULL),
(4, 'video', 'view', 1, NULL),
(4, 'video', 'comment', 1, NULL),
(4, 'video', 'max', 3, '20'),
(4, 'video', 'auth_comment', 5, '["everyone","owner_network","owner_member_member","owner_member","owner"]'),
(4, 'video', 'auth_view', 5, '["everyone","owner_network","owner_member_member","owner_member","owner"]'),

(5, 'video', 'view', 1, NULL),
(5, 'video', 'max', 3, '20'),
(5, 'video', 'auth_comment', 5, '["everyone","owner_network","owner_member_member","owner_member","owner"]'),
(5, 'video', 'auth_view', 5, '["everyone","owner_network","owner_member_member","owner_member","owner"]');

-- -----------------------------------------------------------------------------
-- -------------- END: application/modules/Video/settings/my.sql ---------------
-- -----------------------------------------------------------------------------



COMMIT;
